song_id,file_path,mean_arousal,mean_valence
2,datasets/DEAM/MEMD_audio/2.mp3,3.1,3.0
3,datasets/DEAM/MEMD_audio/3.mp3,3.5,3.3
4,datasets/DEAM/MEMD_audio/4.mp3,5.7,5.5
5,datasets/DEAM/MEMD_audio/5.mp3,4.4,5.3
7,datasets/DEAM/MEMD_audio/7.mp3,5.8,6.4
8,datasets/DEAM/MEMD_audio/8.mp3,3.2,4.8
10,datasets/DEAM/MEMD_audio/10.mp3,4.0,4.7
12,datasets/DEAM/MEMD_audio/12.mp3,5.5,5.8
13,datasets/DEAM/MEMD_audio/13.mp3,3.2,4.0
17,datasets/DEAM/MEMD_audio/17.mp3,4.4,6.0
18,datasets/DEAM/MEMD_audio/18.mp3,4.8,3.9
19,datasets/DEAM/MEMD_audio/19.mp3,5.9,4.3
20,datasets/DEAM/MEMD_audio/20.mp3,5.4,6.5
21,datasets/DEAM/MEMD_audio/21.mp3,6.6,6.3
22,datasets/DEAM/MEMD_audio/22.mp3,4.0,4.8
24,datasets/DEAM/MEMD_audio/24.mp3,5.3,3.9
25,datasets/DEAM/MEMD_audio/25.mp3,7.9,4.7
31,datasets/DEAM/MEMD_audio/31.mp3,4.7,3.8
32,datasets/DEAM/MEMD_audio/32.mp3,4.2,3.3
35,datasets/DEAM/MEMD_audio/35.mp3,4.8,6.5
37,datasets/DEAM/MEMD_audio/37.mp3,6.6,5.3
39,datasets/DEAM/MEMD_audio/39.mp3,7.3,5.4
40,datasets/DEAM/MEMD_audio/40.mp3,4.6,4.8
41,datasets/DEAM/MEMD_audio/41.mp3,4.3,5.1
42,datasets/DEAM/MEMD_audio/42.mp3,6.1,5.1
43,datasets/DEAM/MEMD_audio/43.mp3,6.7,3.5
44,datasets/DEAM/MEMD_audio/44.mp3,3.9,4.9
45,datasets/DEAM/MEMD_audio/45.mp3,5.1,2.1
46,datasets/DEAM/MEMD_audio/46.mp3,5.3,4.0
47,datasets/DEAM/MEMD_audio/47.mp3,4.4,4.4
48,datasets/DEAM/MEMD_audio/48.mp3,4.5,4.8
49,datasets/DEAM/MEMD_audio/49.mp3,3.9,5.3
50,datasets/DEAM/MEMD_audio/50.mp3,3.6,4.8
51,datasets/DEAM/MEMD_audio/51.mp3,3.6,3.2
52,datasets/DEAM/MEMD_audio/52.mp3,4.6,5.1
53,datasets/DEAM/MEMD_audio/53.mp3,4.3,5.1
54,datasets/DEAM/MEMD_audio/54.mp3,3.1,3.3
55,datasets/DEAM/MEMD_audio/55.mp3,5.8,5.4
56,datasets/DEAM/MEMD_audio/56.mp3,6.4,5.8
58,datasets/DEAM/MEMD_audio/58.mp3,3.3,3.4
59,datasets/DEAM/MEMD_audio/59.mp3,5.3,4.1
60,datasets/DEAM/MEMD_audio/60.mp3,4.3,6.4
62,datasets/DEAM/MEMD_audio/62.mp3,6.2,3.9
64,datasets/DEAM/MEMD_audio/64.mp3,3.6,4.9
65,datasets/DEAM/MEMD_audio/65.mp3,6.4,5.8
67,datasets/DEAM/MEMD_audio/67.mp3,7.2,6.8
68,datasets/DEAM/MEMD_audio/68.mp3,3.8,4.9
69,datasets/DEAM/MEMD_audio/69.mp3,3.2,3.9
70,datasets/DEAM/MEMD_audio/70.mp3,4.4,3.6
71,datasets/DEAM/MEMD_audio/71.mp3,5.9,3.7
72,datasets/DEAM/MEMD_audio/72.mp3,6.7,5.6
73,datasets/DEAM/MEMD_audio/73.mp3,5.8,5.6
74,datasets/DEAM/MEMD_audio/74.mp3,3.0,4.3
76,datasets/DEAM/MEMD_audio/76.mp3,4.3,3.2
77,datasets/DEAM/MEMD_audio/77.mp3,4.2,2.9
78,datasets/DEAM/MEMD_audio/78.mp3,3.4,3.9
79,datasets/DEAM/MEMD_audio/79.mp3,5.5,5.5
80,datasets/DEAM/MEMD_audio/80.mp3,6.0,5.1
81,datasets/DEAM/MEMD_audio/81.mp3,6.1,3.9
82,datasets/DEAM/MEMD_audio/82.mp3,2.9,3.5
83,datasets/DEAM/MEMD_audio/83.mp3,6.1,5.8
84,datasets/DEAM/MEMD_audio/84.mp3,5.9,5.6
85,datasets/DEAM/MEMD_audio/85.mp3,7.1,6.2
86,datasets/DEAM/MEMD_audio/86.mp3,5.4,5.6
87,datasets/DEAM/MEMD_audio/87.mp3,5.3,2.6
88,datasets/DEAM/MEMD_audio/88.mp3,6.7,5.5
89,datasets/DEAM/MEMD_audio/89.mp3,4.5,4.8
90,datasets/DEAM/MEMD_audio/90.mp3,4.3,4.2
91,datasets/DEAM/MEMD_audio/91.mp3,4.5,5.5
92,datasets/DEAM/MEMD_audio/92.mp3,5.8,4.7
93,datasets/DEAM/MEMD_audio/93.mp3,7.2,6.0
95,datasets/DEAM/MEMD_audio/95.mp3,3.3,4.6
96,datasets/DEAM/MEMD_audio/96.mp3,6.8,6.9
98,datasets/DEAM/MEMD_audio/98.mp3,4.3,2.7
99,datasets/DEAM/MEMD_audio/99.mp3,4.3,4.1
101,datasets/DEAM/MEMD_audio/101.mp3,3.4,2.8
102,datasets/DEAM/MEMD_audio/102.mp3,6.5,5.4
103,datasets/DEAM/MEMD_audio/103.mp3,5.6,3.3
104,datasets/DEAM/MEMD_audio/104.mp3,6.1,3.3
105,datasets/DEAM/MEMD_audio/105.mp3,6.5,5.0
106,datasets/DEAM/MEMD_audio/106.mp3,4.6,3.3
107,datasets/DEAM/MEMD_audio/107.mp3,6.0,4.8
108,datasets/DEAM/MEMD_audio/108.mp3,4.5,4.2
109,datasets/DEAM/MEMD_audio/109.mp3,4.4,4.5
110,datasets/DEAM/MEMD_audio/110.mp3,4.4,2.8
111,datasets/DEAM/MEMD_audio/111.mp3,5.3,5.3
112,datasets/DEAM/MEMD_audio/112.mp3,6.8,6.4
113,datasets/DEAM/MEMD_audio/113.mp3,5.4,3.8
114,datasets/DEAM/MEMD_audio/114.mp3,4.8,5.7
115,datasets/DEAM/MEMD_audio/115.mp3,8.4,7.8
116,datasets/DEAM/MEMD_audio/116.mp3,4.4,3.9
117,datasets/DEAM/MEMD_audio/117.mp3,3.9,5.0
118,datasets/DEAM/MEMD_audio/118.mp3,4.9,4.6
119,datasets/DEAM/MEMD_audio/119.mp3,4.3,3.2
120,datasets/DEAM/MEMD_audio/120.mp3,3.8,5.0
121,datasets/DEAM/MEMD_audio/121.mp3,3.1,3.9
122,datasets/DEAM/MEMD_audio/122.mp3,5.5,4.6
123,datasets/DEAM/MEMD_audio/123.mp3,6.1,6.2
124,datasets/DEAM/MEMD_audio/124.mp3,3.7,2.8
125,datasets/DEAM/MEMD_audio/125.mp3,4.5,4.2
126,datasets/DEAM/MEMD_audio/126.mp3,5.1,6.1
127,datasets/DEAM/MEMD_audio/127.mp3,3.0,5.3
128,datasets/DEAM/MEMD_audio/128.mp3,3.6,4.0
129,datasets/DEAM/MEMD_audio/129.mp3,4.2,6.0
130,datasets/DEAM/MEMD_audio/130.mp3,3.3,4.2
131,datasets/DEAM/MEMD_audio/131.mp3,6.1,4.9
133,datasets/DEAM/MEMD_audio/133.mp3,2.8,2.2
134,datasets/DEAM/MEMD_audio/134.mp3,5.4,6.0
135,datasets/DEAM/MEMD_audio/135.mp3,3.7,3.5
136,datasets/DEAM/MEMD_audio/136.mp3,6.8,6.2
137,datasets/DEAM/MEMD_audio/137.mp3,4.3,5.8
138,datasets/DEAM/MEMD_audio/138.mp3,3.8,2.4
140,datasets/DEAM/MEMD_audio/140.mp3,4.2,4.5
142,datasets/DEAM/MEMD_audio/142.mp3,4.6,4.8
143,datasets/DEAM/MEMD_audio/143.mp3,4.0,4.9
144,datasets/DEAM/MEMD_audio/144.mp3,3.4,4.7
145,datasets/DEAM/MEMD_audio/145.mp3,3.1,5.4
146,datasets/DEAM/MEMD_audio/146.mp3,2.4,3.5
148,datasets/DEAM/MEMD_audio/148.mp3,4.7,5.0
149,datasets/DEAM/MEMD_audio/149.mp3,3.4,3.1
150,datasets/DEAM/MEMD_audio/150.mp3,5.0,5.4
151,datasets/DEAM/MEMD_audio/151.mp3,4.0,4.5
152,datasets/DEAM/MEMD_audio/152.mp3,4.4,5.6
153,datasets/DEAM/MEMD_audio/153.mp3,3.9,4.5
154,datasets/DEAM/MEMD_audio/154.mp3,4.2,4.1
155,datasets/DEAM/MEMD_audio/155.mp3,3.6,5.4
156,datasets/DEAM/MEMD_audio/156.mp3,6.4,6.7
157,datasets/DEAM/MEMD_audio/157.mp3,4.0,6.2
158,datasets/DEAM/MEMD_audio/158.mp3,2.1,3.6
159,datasets/DEAM/MEMD_audio/159.mp3,3.8,3.1
160,datasets/DEAM/MEMD_audio/160.mp3,3.5,3.5
161,datasets/DEAM/MEMD_audio/161.mp3,6.3,3.5
162,datasets/DEAM/MEMD_audio/162.mp3,3.7,4.6
163,datasets/DEAM/MEMD_audio/163.mp3,3.6,4.5
164,datasets/DEAM/MEMD_audio/164.mp3,4.1,2.9
166,datasets/DEAM/MEMD_audio/166.mp3,3.1,4.2
167,datasets/DEAM/MEMD_audio/167.mp3,2.7,3.3
168,datasets/DEAM/MEMD_audio/168.mp3,3.3,3.4
169,datasets/DEAM/MEMD_audio/169.mp3,2.4,2.8
170,datasets/DEAM/MEMD_audio/170.mp3,3.0,5.0
171,datasets/DEAM/MEMD_audio/171.mp3,2.1,3.6
172,datasets/DEAM/MEMD_audio/172.mp3,3.8,5.0
173,datasets/DEAM/MEMD_audio/173.mp3,4.6,2.2
174,datasets/DEAM/MEMD_audio/174.mp3,4.0,3.8
175,datasets/DEAM/MEMD_audio/175.mp3,3.7,4.3
176,datasets/DEAM/MEMD_audio/176.mp3,2.4,3.9
177,datasets/DEAM/MEMD_audio/177.mp3,4.8,5.6
178,datasets/DEAM/MEMD_audio/178.mp3,2.8,3.7
179,datasets/DEAM/MEMD_audio/179.mp3,5.2,6.0
180,datasets/DEAM/MEMD_audio/180.mp3,4.8,5.9
181,datasets/DEAM/MEMD_audio/181.mp3,3.7,2.5
182,datasets/DEAM/MEMD_audio/182.mp3,2.2,3.7
184,datasets/DEAM/MEMD_audio/184.mp3,3.6,3.4
185,datasets/DEAM/MEMD_audio/185.mp3,4.9,4.6
186,datasets/DEAM/MEMD_audio/186.mp3,3.7,4.0
187,datasets/DEAM/MEMD_audio/187.mp3,2.5,3.7
188,datasets/DEAM/MEMD_audio/188.mp3,4.0,3.3
189,datasets/DEAM/MEMD_audio/189.mp3,6.5,7.1
190,datasets/DEAM/MEMD_audio/190.mp3,2.8,3.1
191,datasets/DEAM/MEMD_audio/191.mp3,5.1,6.3
192,datasets/DEAM/MEMD_audio/192.mp3,5.8,6.1
193,datasets/DEAM/MEMD_audio/193.mp3,4.1,3.0
194,datasets/DEAM/MEMD_audio/194.mp3,2.7,4.7
195,datasets/DEAM/MEMD_audio/195.mp3,4.2,2.7
196,datasets/DEAM/MEMD_audio/196.mp3,4.3,4.5
197,datasets/DEAM/MEMD_audio/197.mp3,2.2,2.8
198,datasets/DEAM/MEMD_audio/198.mp3,1.9,3.3
199,datasets/DEAM/MEMD_audio/199.mp3,5.3,5.7
201,datasets/DEAM/MEMD_audio/201.mp3,3.7,4.8
202,datasets/DEAM/MEMD_audio/202.mp3,4.6,5.2
203,datasets/DEAM/MEMD_audio/203.mp3,3.5,4.8
204,datasets/DEAM/MEMD_audio/204.mp3,3.6,2.2
205,datasets/DEAM/MEMD_audio/205.mp3,3.0,4.5
206,datasets/DEAM/MEMD_audio/206.mp3,2.3,2.6
207,datasets/DEAM/MEMD_audio/207.mp3,4.8,4.8
208,datasets/DEAM/MEMD_audio/208.mp3,4.8,6.5
209,datasets/DEAM/MEMD_audio/209.mp3,3.1,4.6
210,datasets/DEAM/MEMD_audio/210.mp3,4.2,5.5
211,datasets/DEAM/MEMD_audio/211.mp3,3.1,4.9
212,datasets/DEAM/MEMD_audio/212.mp3,4.6,5.4
213,datasets/DEAM/MEMD_audio/213.mp3,2.6,2.5
214,datasets/DEAM/MEMD_audio/214.mp3,3.6,4.1
215,datasets/DEAM/MEMD_audio/215.mp3,3.2,2.6
216,datasets/DEAM/MEMD_audio/216.mp3,4.5,5.3
217,datasets/DEAM/MEMD_audio/217.mp3,3.5,4.8
218,datasets/DEAM/MEMD_audio/218.mp3,2.9,4.0
219,datasets/DEAM/MEMD_audio/219.mp3,2.4,3.8
220,datasets/DEAM/MEMD_audio/220.mp3,4.1,3.4
221,datasets/DEAM/MEMD_audio/221.mp3,4.3,3.4
222,datasets/DEAM/MEMD_audio/222.mp3,3.8,4.3
223,datasets/DEAM/MEMD_audio/223.mp3,2.2,3.5
224,datasets/DEAM/MEMD_audio/224.mp3,5.5,5.7
225,datasets/DEAM/MEMD_audio/225.mp3,3.7,4.2
226,datasets/DEAM/MEMD_audio/226.mp3,4.9,5.0
227,datasets/DEAM/MEMD_audio/227.mp3,3.1,3.5
228,datasets/DEAM/MEMD_audio/228.mp3,3.5,4.0
229,datasets/DEAM/MEMD_audio/229.mp3,4.8,4.8
231,datasets/DEAM/MEMD_audio/231.mp3,4.1,5.6
232,datasets/DEAM/MEMD_audio/232.mp3,2.5,2.7
233,datasets/DEAM/MEMD_audio/233.mp3,4.7,4.5
234,datasets/DEAM/MEMD_audio/234.mp3,3.5,3.9
235,datasets/DEAM/MEMD_audio/235.mp3,3.0,3.7
236,datasets/DEAM/MEMD_audio/236.mp3,2.5,2.4
237,datasets/DEAM/MEMD_audio/237.mp3,4.2,3.9
238,datasets/DEAM/MEMD_audio/238.mp3,3.0,4.6
239,datasets/DEAM/MEMD_audio/239.mp3,2.3,3.3
240,datasets/DEAM/MEMD_audio/240.mp3,6.4,6.6
241,datasets/DEAM/MEMD_audio/241.mp3,4.1,4.6
242,datasets/DEAM/MEMD_audio/242.mp3,3.5,4.7
243,datasets/DEAM/MEMD_audio/243.mp3,7.2,4.1
244,datasets/DEAM/MEMD_audio/244.mp3,4.3,4.2
245,datasets/DEAM/MEMD_audio/245.mp3,4.2,6.1
246,datasets/DEAM/MEMD_audio/246.mp3,4.9,3.2
247,datasets/DEAM/MEMD_audio/247.mp3,3.9,4.5
248,datasets/DEAM/MEMD_audio/248.mp3,3.4,3.7
250,datasets/DEAM/MEMD_audio/250.mp3,3.4,3.6
253,datasets/DEAM/MEMD_audio/253.mp3,6.6,2.5
254,datasets/DEAM/MEMD_audio/254.mp3,5.3,7.4
257,datasets/DEAM/MEMD_audio/257.mp3,7.6,6.9
258,datasets/DEAM/MEMD_audio/258.mp3,4.3,4.3
260,datasets/DEAM/MEMD_audio/260.mp3,5.3,3.6
262,datasets/DEAM/MEMD_audio/262.mp3,5.6,6.9
264,datasets/DEAM/MEMD_audio/264.mp3,5.3,5.5
265,datasets/DEAM/MEMD_audio/265.mp3,4.5,6.4
266,datasets/DEAM/MEMD_audio/266.mp3,3.6,4.8
269,datasets/DEAM/MEMD_audio/269.mp3,4.3,4.8
270,datasets/DEAM/MEMD_audio/270.mp3,6.1,7.1
272,datasets/DEAM/MEMD_audio/272.mp3,5.9,6.4
273,datasets/DEAM/MEMD_audio/273.mp3,5.4,7.2
274,datasets/DEAM/MEMD_audio/274.mp3,7.7,6.0
275,datasets/DEAM/MEMD_audio/275.mp3,5.3,5.5
276,datasets/DEAM/MEMD_audio/276.mp3,6.1,5.3
278,datasets/DEAM/MEMD_audio/278.mp3,5.5,5.1
279,datasets/DEAM/MEMD_audio/279.mp3,3.6,4.7
280,datasets/DEAM/MEMD_audio/280.mp3,4.2,3.3
281,datasets/DEAM/MEMD_audio/281.mp3,5.4,7.0
282,datasets/DEAM/MEMD_audio/282.mp3,3.2,4.2
284,datasets/DEAM/MEMD_audio/284.mp3,4.4,5.2
285,datasets/DEAM/MEMD_audio/285.mp3,3.5,5.1
286,datasets/DEAM/MEMD_audio/286.mp3,5.7,6.9
288,datasets/DEAM/MEMD_audio/288.mp3,3.5,5.2
289,datasets/DEAM/MEMD_audio/289.mp3,5.7,6.7
290,datasets/DEAM/MEMD_audio/290.mp3,2.1,3.9
292,datasets/DEAM/MEMD_audio/292.mp3,7.3,7.4
293,datasets/DEAM/MEMD_audio/293.mp3,6.3,4.2
294,datasets/DEAM/MEMD_audio/294.mp3,5.5,6.5
296,datasets/DEAM/MEMD_audio/296.mp3,5.9,5.7
297,datasets/DEAM/MEMD_audio/297.mp3,3.1,3.6
298,datasets/DEAM/MEMD_audio/298.mp3,4.0,5.4
299,datasets/DEAM/MEMD_audio/299.mp3,2.8,4.3
300,datasets/DEAM/MEMD_audio/300.mp3,6.8,4.5
301,datasets/DEAM/MEMD_audio/301.mp3,3.2,3.7
302,datasets/DEAM/MEMD_audio/302.mp3,6.6,7.0
303,datasets/DEAM/MEMD_audio/303.mp3,7.0,6.4
304,datasets/DEAM/MEMD_audio/304.mp3,3.8,4.6
305,datasets/DEAM/MEMD_audio/305.mp3,6.4,6.8
306,datasets/DEAM/MEMD_audio/306.mp3,5.7,6.7
307,datasets/DEAM/MEMD_audio/307.mp3,6.1,6.8
308,datasets/DEAM/MEMD_audio/308.mp3,4.3,6.6
309,datasets/DEAM/MEMD_audio/309.mp3,5.3,5.8
310,datasets/DEAM/MEMD_audio/310.mp3,2.1,2.7
311,datasets/DEAM/MEMD_audio/311.mp3,5.8,6.9
312,datasets/DEAM/MEMD_audio/312.mp3,4.6,5.8
313,datasets/DEAM/MEMD_audio/313.mp3,3.6,5.3
314,datasets/DEAM/MEMD_audio/314.mp3,5.8,5.9
315,datasets/DEAM/MEMD_audio/315.mp3,6.4,7.5
316,datasets/DEAM/MEMD_audio/316.mp3,2.8,3.5
317,datasets/DEAM/MEMD_audio/317.mp3,6.1,4.3
318,datasets/DEAM/MEMD_audio/318.mp3,5.9,5.9
319,datasets/DEAM/MEMD_audio/319.mp3,4.5,6.6
320,datasets/DEAM/MEMD_audio/320.mp3,7.4,6.6
321,datasets/DEAM/MEMD_audio/321.mp3,7.3,6.0
322,datasets/DEAM/MEMD_audio/322.mp3,6.1,7.6
323,datasets/DEAM/MEMD_audio/323.mp3,4.8182,5.7273
324,datasets/DEAM/MEMD_audio/324.mp3,3.3,4.7
325,datasets/DEAM/MEMD_audio/325.mp3,5.5,5.4
326,datasets/DEAM/MEMD_audio/326.mp3,5.4,7.2
327,datasets/DEAM/MEMD_audio/327.mp3,6.0,7.1
328,datasets/DEAM/MEMD_audio/328.mp3,5.2,4.2
329,datasets/DEAM/MEMD_audio/329.mp3,3.3,4.2
330,datasets/DEAM/MEMD_audio/330.mp3,5.9,3.1
332,datasets/DEAM/MEMD_audio/332.mp3,5.5,6.9
333,datasets/DEAM/MEMD_audio/333.mp3,6.7,6.1
334,datasets/DEAM/MEMD_audio/334.mp3,5.9,5.9
335,datasets/DEAM/MEMD_audio/335.mp3,6.8,6.8
336,datasets/DEAM/MEMD_audio/336.mp3,6.1,6.6
338,datasets/DEAM/MEMD_audio/338.mp3,3.0,3.8
339,datasets/DEAM/MEMD_audio/339.mp3,5.9,6.9
340,datasets/DEAM/MEMD_audio/340.mp3,3.8,4.6
341,datasets/DEAM/MEMD_audio/341.mp3,3.8,4.4
342,datasets/DEAM/MEMD_audio/342.mp3,4.0,5.1
343,datasets/DEAM/MEMD_audio/343.mp3,7.0,8.1
344,datasets/DEAM/MEMD_audio/344.mp3,4.6,5.2
345,datasets/DEAM/MEMD_audio/345.mp3,7.2,6.5
346,datasets/DEAM/MEMD_audio/346.mp3,6.7,7.3
347,datasets/DEAM/MEMD_audio/347.mp3,3.8182,5.8182
348,datasets/DEAM/MEMD_audio/348.mp3,5.0,5.7
349,datasets/DEAM/MEMD_audio/349.mp3,4.6,5.8
350,datasets/DEAM/MEMD_audio/350.mp3,6.0,6.5
352,datasets/DEAM/MEMD_audio/352.mp3,5.5,4.5
353,datasets/DEAM/MEMD_audio/353.mp3,4.0,4.8
354,datasets/DEAM/MEMD_audio/354.mp3,7.1,6.4
355,datasets/DEAM/MEMD_audio/355.mp3,5.1,6.5
356,datasets/DEAM/MEMD_audio/356.mp3,4.6,5.6
357,datasets/DEAM/MEMD_audio/357.mp3,4.8,6.5
358,datasets/DEAM/MEMD_audio/358.mp3,5.6,4.2
359,datasets/DEAM/MEMD_audio/359.mp3,2.5,3.7
360,datasets/DEAM/MEMD_audio/360.mp3,2.5,5.5
361,datasets/DEAM/MEMD_audio/361.mp3,2.5455,3.3636
362,datasets/DEAM/MEMD_audio/362.mp3,4.0,5.9
364,datasets/DEAM/MEMD_audio/364.mp3,5.5,6.5
365,datasets/DEAM/MEMD_audio/365.mp3,6.0,7.1
366,datasets/DEAM/MEMD_audio/366.mp3,6.9,6.1
367,datasets/DEAM/MEMD_audio/367.mp3,3.1,2.7
368,datasets/DEAM/MEMD_audio/368.mp3,4.8,6.1
369,datasets/DEAM/MEMD_audio/369.mp3,2.9,3.4
370,datasets/DEAM/MEMD_audio/370.mp3,3.8,3.4
371,datasets/DEAM/MEMD_audio/371.mp3,5.2,6.6
372,datasets/DEAM/MEMD_audio/372.mp3,3.6,4.8
374,datasets/DEAM/MEMD_audio/374.mp3,7.0,4.9
375,datasets/DEAM/MEMD_audio/375.mp3,1.9,2.8
376,datasets/DEAM/MEMD_audio/376.mp3,5.0,5.9
378,datasets/DEAM/MEMD_audio/378.mp3,5.5,5.9
379,datasets/DEAM/MEMD_audio/379.mp3,1.9,2.9
380,datasets/DEAM/MEMD_audio/380.mp3,5.6,4.8
381,datasets/DEAM/MEMD_audio/381.mp3,6.0,6.7
383,datasets/DEAM/MEMD_audio/383.mp3,4.2,3.6
384,datasets/DEAM/MEMD_audio/384.mp3,3.6,4.1
386,datasets/DEAM/MEMD_audio/386.mp3,5.0,5.5
387,datasets/DEAM/MEMD_audio/387.mp3,6.2,6.2
390,datasets/DEAM/MEMD_audio/390.mp3,5.7,6.2
391,datasets/DEAM/MEMD_audio/391.mp3,5.5,6.1
392,datasets/DEAM/MEMD_audio/392.mp3,3.4,4.8
393,datasets/DEAM/MEMD_audio/393.mp3,6.0,6.4
395,datasets/DEAM/MEMD_audio/395.mp3,6.7,6.2
397,datasets/DEAM/MEMD_audio/397.mp3,7.0,7.0
399,datasets/DEAM/MEMD_audio/399.mp3,6.7,7.0
400,datasets/DEAM/MEMD_audio/400.mp3,5.1,5.6
401,datasets/DEAM/MEMD_audio/401.mp3,5.5,6.4
402,datasets/DEAM/MEMD_audio/402.mp3,7.1,7.1
403,datasets/DEAM/MEMD_audio/403.mp3,5.1,5.2
404,datasets/DEAM/MEMD_audio/404.mp3,6.9,6.8
405,datasets/DEAM/MEMD_audio/405.mp3,6.1,7.4
406,datasets/DEAM/MEMD_audio/406.mp3,5.3,4.3
407,datasets/DEAM/MEMD_audio/407.mp3,4.3,4.5
408,datasets/DEAM/MEMD_audio/408.mp3,6.6,6.1
410,datasets/DEAM/MEMD_audio/410.mp3,3.8,5.1
415,datasets/DEAM/MEMD_audio/415.mp3,6.0,5.2
416,datasets/DEAM/MEMD_audio/416.mp3,5.5,5.2
419,datasets/DEAM/MEMD_audio/419.mp3,3.3,4.0
420,datasets/DEAM/MEMD_audio/420.mp3,4.5,5.4
422,datasets/DEAM/MEMD_audio/422.mp3,2.8,3.7
423,datasets/DEAM/MEMD_audio/423.mp3,5.2,4.5
425,datasets/DEAM/MEMD_audio/425.mp3,7.1,6.8
426,datasets/DEAM/MEMD_audio/426.mp3,5.3,5.3
427,datasets/DEAM/MEMD_audio/427.mp3,5.2,5.8
428,datasets/DEAM/MEMD_audio/428.mp3,6.6,6.6
429,datasets/DEAM/MEMD_audio/429.mp3,3.3,4.3
430,datasets/DEAM/MEMD_audio/430.mp3,4.0,2.9
431,datasets/DEAM/MEMD_audio/431.mp3,6.1,5.5
432,datasets/DEAM/MEMD_audio/432.mp3,5.3,5.3
435,datasets/DEAM/MEMD_audio/435.mp3,4.5,5.9
436,datasets/DEAM/MEMD_audio/436.mp3,4.3,5.2
437,datasets/DEAM/MEMD_audio/437.mp3,5.2,4.3
440,datasets/DEAM/MEMD_audio/440.mp3,5.3,6.3
441,datasets/DEAM/MEMD_audio/441.mp3,4.6,5.1
442,datasets/DEAM/MEMD_audio/442.mp3,4.1,4.5
444,datasets/DEAM/MEMD_audio/444.mp3,2.3,2.5
445,datasets/DEAM/MEMD_audio/445.mp3,2.4,4.6
448,datasets/DEAM/MEMD_audio/448.mp3,6.5556,6.3333
449,datasets/DEAM/MEMD_audio/449.mp3,3.6,3.8
450,datasets/DEAM/MEMD_audio/450.mp3,4.1,5.0
451,datasets/DEAM/MEMD_audio/451.mp3,4.9,4.4
452,datasets/DEAM/MEMD_audio/452.mp3,5.6,6.8
453,datasets/DEAM/MEMD_audio/453.mp3,4.6,5.6
454,datasets/DEAM/MEMD_audio/454.mp3,5.0,4.8
455,datasets/DEAM/MEMD_audio/455.mp3,5.4,5.7
456,datasets/DEAM/MEMD_audio/456.mp3,6.1,2.3
458,datasets/DEAM/MEMD_audio/458.mp3,3.4,5.0
459,datasets/DEAM/MEMD_audio/459.mp3,6.3,6.1
460,datasets/DEAM/MEMD_audio/460.mp3,3.8,3.8
461,datasets/DEAM/MEMD_audio/461.mp3,4.8,4.4
462,datasets/DEAM/MEMD_audio/462.mp3,5.8,4.6
463,datasets/DEAM/MEMD_audio/463.mp3,5.0,5.7
464,datasets/DEAM/MEMD_audio/464.mp3,5.1,5.6
466,datasets/DEAM/MEMD_audio/466.mp3,6.6,5.9
467,datasets/DEAM/MEMD_audio/467.mp3,5.7,6.8
468,datasets/DEAM/MEMD_audio/468.mp3,3.6,3.4
469,datasets/DEAM/MEMD_audio/469.mp3,5.1,5.3
472,datasets/DEAM/MEMD_audio/472.mp3,6.5,5.2
473,datasets/DEAM/MEMD_audio/473.mp3,7.1,5.5
475,datasets/DEAM/MEMD_audio/475.mp3,5.6,5.0
477,datasets/DEAM/MEMD_audio/477.mp3,7.1,7.2
478,datasets/DEAM/MEMD_audio/478.mp3,2.8,3.2
479,datasets/DEAM/MEMD_audio/479.mp3,4.5,5.7
480,datasets/DEAM/MEMD_audio/480.mp3,2.7,4.1
481,datasets/DEAM/MEMD_audio/481.mp3,3.4,4.7
482,datasets/DEAM/MEMD_audio/482.mp3,1.9,3.5
484,datasets/DEAM/MEMD_audio/484.mp3,6.4,6.5
485,datasets/DEAM/MEMD_audio/485.mp3,2.6,3.7
486,datasets/DEAM/MEMD_audio/486.mp3,6.2,5.7
487,datasets/DEAM/MEMD_audio/487.mp3,4.5,5.3
488,datasets/DEAM/MEMD_audio/488.mp3,1.6,3.4
489,datasets/DEAM/MEMD_audio/489.mp3,4.6,5.2
490,datasets/DEAM/MEMD_audio/490.mp3,3.9,3.7
492,datasets/DEAM/MEMD_audio/492.mp3,4.4,4.8
493,datasets/DEAM/MEMD_audio/493.mp3,3.7,4.9
494,datasets/DEAM/MEMD_audio/494.mp3,3.7,4.1
496,datasets/DEAM/MEMD_audio/496.mp3,4.7,5.9
497,datasets/DEAM/MEMD_audio/497.mp3,6.2,5.7
498,datasets/DEAM/MEMD_audio/498.mp3,2.9,2.8
499,datasets/DEAM/MEMD_audio/499.mp3,3.6,3.6
500,datasets/DEAM/MEMD_audio/500.mp3,6.0,5.2
501,datasets/DEAM/MEMD_audio/501.mp3,2.5,4.4
502,datasets/DEAM/MEMD_audio/502.mp3,4.8,4.6
503,datasets/DEAM/MEMD_audio/503.mp3,5.8,6.4
504,datasets/DEAM/MEMD_audio/504.mp3,4.8,4.0
506,datasets/DEAM/MEMD_audio/506.mp3,2.9,4.1
507,datasets/DEAM/MEMD_audio/507.mp3,4.9,4.8
512,datasets/DEAM/MEMD_audio/512.mp3,5.1,5.4
513,datasets/DEAM/MEMD_audio/513.mp3,3.1,4.2
514,datasets/DEAM/MEMD_audio/514.mp3,4.3,5.8
515,datasets/DEAM/MEMD_audio/515.mp3,3.8,3.4
518,datasets/DEAM/MEMD_audio/518.mp3,4.1,3.4
519,datasets/DEAM/MEMD_audio/519.mp3,6.8,5.3
520,datasets/DEAM/MEMD_audio/520.mp3,4.0,5.5
521,datasets/DEAM/MEMD_audio/521.mp3,3.8,4.6
522,datasets/DEAM/MEMD_audio/522.mp3,3.5,2.7
523,datasets/DEAM/MEMD_audio/523.mp3,5.1,5.9
524,datasets/DEAM/MEMD_audio/524.mp3,3.3,4.0
525,datasets/DEAM/MEMD_audio/525.mp3,4.3,4.8
527,datasets/DEAM/MEMD_audio/527.mp3,4.0,5.7
529,datasets/DEAM/MEMD_audio/529.mp3,4.7,5.8
530,datasets/DEAM/MEMD_audio/530.mp3,3.3,3.5
535,datasets/DEAM/MEMD_audio/535.mp3,6.1,6.5
536,datasets/DEAM/MEMD_audio/536.mp3,5.1,4.5
537,datasets/DEAM/MEMD_audio/537.mp3,5.0,2.6
540,datasets/DEAM/MEMD_audio/540.mp3,4.1,4.4
544,datasets/DEAM/MEMD_audio/544.mp3,4.8,4.5
547,datasets/DEAM/MEMD_audio/547.mp3,3.4,4.8
550,datasets/DEAM/MEMD_audio/550.mp3,4.2,5.9
551,datasets/DEAM/MEMD_audio/551.mp3,3.2,4.0
554,datasets/DEAM/MEMD_audio/554.mp3,2.8,5.0
555,datasets/DEAM/MEMD_audio/555.mp3,5.2,4.8
556,datasets/DEAM/MEMD_audio/556.mp3,5.6,6.1
558,datasets/DEAM/MEMD_audio/558.mp3,2.8,3.2
560,datasets/DEAM/MEMD_audio/560.mp3,2.9,4.6
561,datasets/DEAM/MEMD_audio/561.mp3,6.9,7.0
564,datasets/DEAM/MEMD_audio/564.mp3,4.7,4.9
565,datasets/DEAM/MEMD_audio/565.mp3,3.1,3.0
568,datasets/DEAM/MEMD_audio/568.mp3,5.4,3.1
574,datasets/DEAM/MEMD_audio/574.mp3,4.5,4.8
577,datasets/DEAM/MEMD_audio/577.mp3,5.6,5.5
579,datasets/DEAM/MEMD_audio/579.mp3,3.1,3.2
580,datasets/DEAM/MEMD_audio/580.mp3,2.4,4.4
581,datasets/DEAM/MEMD_audio/581.mp3,5.3,6.0
582,datasets/DEAM/MEMD_audio/582.mp3,3.1,4.9
584,datasets/DEAM/MEMD_audio/584.mp3,2.5,2.4
585,datasets/DEAM/MEMD_audio/585.mp3,4.0,4.2
586,datasets/DEAM/MEMD_audio/586.mp3,5.2,5.9
591,datasets/DEAM/MEMD_audio/591.mp3,5.7,6.2
592,datasets/DEAM/MEMD_audio/592.mp3,5.4545,5.0909
594,datasets/DEAM/MEMD_audio/594.mp3,4.2,3.1
597,datasets/DEAM/MEMD_audio/597.mp3,4.8,6.4
598,datasets/DEAM/MEMD_audio/598.mp3,4.0,5.6
600,datasets/DEAM/MEMD_audio/600.mp3,3.5,4.0
605,datasets/DEAM/MEMD_audio/605.mp3,4.4,6.0
606,datasets/DEAM/MEMD_audio/606.mp3,4.1,5.6
607,datasets/DEAM/MEMD_audio/607.mp3,4.4,6.1
608,datasets/DEAM/MEMD_audio/608.mp3,2.9,3.8
609,datasets/DEAM/MEMD_audio/609.mp3,4.9,5.5
610,datasets/DEAM/MEMD_audio/610.mp3,6.3,6.5
611,datasets/DEAM/MEMD_audio/611.mp3,5.1,4.8
612,datasets/DEAM/MEMD_audio/612.mp3,5.6,6.6
613,datasets/DEAM/MEMD_audio/613.mp3,5.2,6.8
614,datasets/DEAM/MEMD_audio/614.mp3,4.3,3.7
615,datasets/DEAM/MEMD_audio/615.mp3,3.2,5.0
616,datasets/DEAM/MEMD_audio/616.mp3,3.5,5.0
617,datasets/DEAM/MEMD_audio/617.mp3,6.5,3.0
620,datasets/DEAM/MEMD_audio/620.mp3,5.8,4.4
621,datasets/DEAM/MEMD_audio/621.mp3,2.9,4.4
622,datasets/DEAM/MEMD_audio/622.mp3,4.5,5.0
623,datasets/DEAM/MEMD_audio/623.mp3,3.8,5.9
625,datasets/DEAM/MEMD_audio/625.mp3,3.1,4.4
628,datasets/DEAM/MEMD_audio/628.mp3,4.9,6.8
629,datasets/DEAM/MEMD_audio/629.mp3,7.4,7.6
631,datasets/DEAM/MEMD_audio/631.mp3,7.6,3.1
632,datasets/DEAM/MEMD_audio/632.mp3,4.2,5.4
634,datasets/DEAM/MEMD_audio/634.mp3,4.7,5.8
635,datasets/DEAM/MEMD_audio/635.mp3,6.6,7.6
637,datasets/DEAM/MEMD_audio/637.mp3,2.2,3.6
638,datasets/DEAM/MEMD_audio/638.mp3,3.2,4.4
639,datasets/DEAM/MEMD_audio/639.mp3,6.1,6.3
640,datasets/DEAM/MEMD_audio/640.mp3,7.6,7.8
643,datasets/DEAM/MEMD_audio/643.mp3,3.5,4.2
644,datasets/DEAM/MEMD_audio/644.mp3,4.3,5.6
645,datasets/DEAM/MEMD_audio/645.mp3,4.6,5.7
646,datasets/DEAM/MEMD_audio/646.mp3,3.1,3.8
647,datasets/DEAM/MEMD_audio/647.mp3,3.0,5.8
648,datasets/DEAM/MEMD_audio/648.mp3,5.1,6.8
649,datasets/DEAM/MEMD_audio/649.mp3,6.2,6.7
650,datasets/DEAM/MEMD_audio/650.mp3,6.0,4.2
651,datasets/DEAM/MEMD_audio/651.mp3,6.4,7.1
652,datasets/DEAM/MEMD_audio/652.mp3,2.7778,4.1111
653,datasets/DEAM/MEMD_audio/653.mp3,5.3,6.5
654,datasets/DEAM/MEMD_audio/654.mp3,5.1,4.4
656,datasets/DEAM/MEMD_audio/656.mp3,2.6,4.1
657,datasets/DEAM/MEMD_audio/657.mp3,5.1,5.6
658,datasets/DEAM/MEMD_audio/658.mp3,4.4,5.7
660,datasets/DEAM/MEMD_audio/660.mp3,2.1,2.8
661,datasets/DEAM/MEMD_audio/661.mp3,2.2,2.8
662,datasets/DEAM/MEMD_audio/662.mp3,5.9,5.1
663,datasets/DEAM/MEMD_audio/663.mp3,3.3,4.3
664,datasets/DEAM/MEMD_audio/664.mp3,7.0,6.6
665,datasets/DEAM/MEMD_audio/665.mp3,5.7,6.2
666,datasets/DEAM/MEMD_audio/666.mp3,5.3,5.0
667,datasets/DEAM/MEMD_audio/667.mp3,4.2,4.9
668,datasets/DEAM/MEMD_audio/668.mp3,5.0,5.3
671,datasets/DEAM/MEMD_audio/671.mp3,3.1,3.7
672,datasets/DEAM/MEMD_audio/672.mp3,4.4,6.3
673,datasets/DEAM/MEMD_audio/673.mp3,6.6,6.7
674,datasets/DEAM/MEMD_audio/674.mp3,6.8,7.4
675,datasets/DEAM/MEMD_audio/675.mp3,5.1,5.8
676,datasets/DEAM/MEMD_audio/676.mp3,6.6,6.6
677,datasets/DEAM/MEMD_audio/677.mp3,6.5,5.3
681,datasets/DEAM/MEMD_audio/681.mp3,4.9,6.6
682,datasets/DEAM/MEMD_audio/682.mp3,4.8,6.0
684,datasets/DEAM/MEMD_audio/684.mp3,4.3,4.9
685,datasets/DEAM/MEMD_audio/685.mp3,4.5,3.6
686,datasets/DEAM/MEMD_audio/686.mp3,3.4,5.5
687,datasets/DEAM/MEMD_audio/687.mp3,7.3,7.4
688,datasets/DEAM/MEMD_audio/688.mp3,4.3,5.0
689,datasets/DEAM/MEMD_audio/689.mp3,3.8,4.6
690,datasets/DEAM/MEMD_audio/690.mp3,2.4,4.4
691,datasets/DEAM/MEMD_audio/691.mp3,5.0,3.7
692,datasets/DEAM/MEMD_audio/692.mp3,6.9,6.1
693,datasets/DEAM/MEMD_audio/693.mp3,6.2,5.3
695,datasets/DEAM/MEMD_audio/695.mp3,5.9,6.2
696,datasets/DEAM/MEMD_audio/696.mp3,5.3,5.8
697,datasets/DEAM/MEMD_audio/697.mp3,4.8,5.8
698,datasets/DEAM/MEMD_audio/698.mp3,3.9,3.7
699,datasets/DEAM/MEMD_audio/699.mp3,3.7,4.5
700,datasets/DEAM/MEMD_audio/700.mp3,4.8,5.6
702,datasets/DEAM/MEMD_audio/702.mp3,7.5,3.3
703,datasets/DEAM/MEMD_audio/703.mp3,5.1,6.0
704,datasets/DEAM/MEMD_audio/704.mp3,4.1,4.2
706,datasets/DEAM/MEMD_audio/706.mp3,5.5,6.0
707,datasets/DEAM/MEMD_audio/707.mp3,3.2,3.1
708,datasets/DEAM/MEMD_audio/708.mp3,3.2,3.2
709,datasets/DEAM/MEMD_audio/709.mp3,5.8,5.0
710,datasets/DEAM/MEMD_audio/710.mp3,5.4,5.1
711,datasets/DEAM/MEMD_audio/711.mp3,2.9,3.1
712,datasets/DEAM/MEMD_audio/712.mp3,3.4,5.3
713,datasets/DEAM/MEMD_audio/713.mp3,4.9,6.3
714,datasets/DEAM/MEMD_audio/714.mp3,4.4,4.8
715,datasets/DEAM/MEMD_audio/715.mp3,2.9,4.3
717,datasets/DEAM/MEMD_audio/717.mp3,4.5,4.9
718,datasets/DEAM/MEMD_audio/718.mp3,5.9,6.5
719,datasets/DEAM/MEMD_audio/719.mp3,7.1,7.2
721,datasets/DEAM/MEMD_audio/721.mp3,5.7,5.5
722,datasets/DEAM/MEMD_audio/722.mp3,5.7,7.0
723,datasets/DEAM/MEMD_audio/723.mp3,6.5,7.2
724,datasets/DEAM/MEMD_audio/724.mp3,6.0,6.1
725,datasets/DEAM/MEMD_audio/725.mp3,5.1,5.1
726,datasets/DEAM/MEMD_audio/726.mp3,7.0,3.6
727,datasets/DEAM/MEMD_audio/727.mp3,4.3,4.5
728,datasets/DEAM/MEMD_audio/728.mp3,6.9,7.5
729,datasets/DEAM/MEMD_audio/729.mp3,6.4,3.5
730,datasets/DEAM/MEMD_audio/730.mp3,3.7,4.5
731,datasets/DEAM/MEMD_audio/731.mp3,7.3,5.8
732,datasets/DEAM/MEMD_audio/732.mp3,5.6,6.3
733,datasets/DEAM/MEMD_audio/733.mp3,4.3,5.0
734,datasets/DEAM/MEMD_audio/734.mp3,5.7,6.3
735,datasets/DEAM/MEMD_audio/735.mp3,4.3,4.9
736,datasets/DEAM/MEMD_audio/736.mp3,2.7,3.7
737,datasets/DEAM/MEMD_audio/737.mp3,4.1,4.9
738,datasets/DEAM/MEMD_audio/738.mp3,5.5,6.2
739,datasets/DEAM/MEMD_audio/739.mp3,6.2,6.9
740,datasets/DEAM/MEMD_audio/740.mp3,3.7,4.0
741,datasets/DEAM/MEMD_audio/741.mp3,4.6,4.4
742,datasets/DEAM/MEMD_audio/742.mp3,6.1,6.5
743,datasets/DEAM/MEMD_audio/743.mp3,3.1,5.0
744,datasets/DEAM/MEMD_audio/744.mp3,6.1,5.5
745,datasets/DEAM/MEMD_audio/745.mp3,4.2,1.6
746,datasets/DEAM/MEMD_audio/746.mp3,3.7,4.6
747,datasets/DEAM/MEMD_audio/747.mp3,3.6,4.9
748,datasets/DEAM/MEMD_audio/748.mp3,5.1,4.4
749,datasets/DEAM/MEMD_audio/749.mp3,4.2,4.9
750,datasets/DEAM/MEMD_audio/750.mp3,5.3,5.7
756,datasets/DEAM/MEMD_audio/756.mp3,5.9,6.8
757,datasets/DEAM/MEMD_audio/757.mp3,6.0,6.1
758,datasets/DEAM/MEMD_audio/758.mp3,4.8,5.9
759,datasets/DEAM/MEMD_audio/759.mp3,6.7,5.9
763,datasets/DEAM/MEMD_audio/763.mp3,3.5,5.5
764,datasets/DEAM/MEMD_audio/764.mp3,6.3,7.5
767,datasets/DEAM/MEMD_audio/767.mp3,5.2,6.5
769,datasets/DEAM/MEMD_audio/769.mp3,6.2,5.0
773,datasets/DEAM/MEMD_audio/773.mp3,4.5,4.7
775,datasets/DEAM/MEMD_audio/775.mp3,3.7,4.4
776,datasets/DEAM/MEMD_audio/776.mp3,3.5,4.5
777,datasets/DEAM/MEMD_audio/777.mp3,6.2,5.1
779,datasets/DEAM/MEMD_audio/779.mp3,2.8,5.3
780,datasets/DEAM/MEMD_audio/780.mp3,5.8,6.2
781,datasets/DEAM/MEMD_audio/781.mp3,4.9,6.3
782,datasets/DEAM/MEMD_audio/782.mp3,7.2,4.7
784,datasets/DEAM/MEMD_audio/784.mp3,4.7,5.7
787,datasets/DEAM/MEMD_audio/787.mp3,6.1,6.3
789,datasets/DEAM/MEMD_audio/789.mp3,3.9,5.2
790,datasets/DEAM/MEMD_audio/790.mp3,7.2,5.4
791,datasets/DEAM/MEMD_audio/791.mp3,2.7,4.6
794,datasets/DEAM/MEMD_audio/794.mp3,2.5,4.2
795,datasets/DEAM/MEMD_audio/795.mp3,2.2,3.5
796,datasets/DEAM/MEMD_audio/796.mp3,5.2,5.1
797,datasets/DEAM/MEMD_audio/797.mp3,4.9,5.4
798,datasets/DEAM/MEMD_audio/798.mp3,6.5,5.9
799,datasets/DEAM/MEMD_audio/799.mp3,4.1,5.6
800,datasets/DEAM/MEMD_audio/800.mp3,4.5,4.5
801,datasets/DEAM/MEMD_audio/801.mp3,3.3,3.5
804,datasets/DEAM/MEMD_audio/804.mp3,6.9,6.8
805,datasets/DEAM/MEMD_audio/805.mp3,2.2,3.5
806,datasets/DEAM/MEMD_audio/806.mp3,6.4,6.6
807,datasets/DEAM/MEMD_audio/807.mp3,4.8,6.5
808,datasets/DEAM/MEMD_audio/808.mp3,3.1,4.3
810,datasets/DEAM/MEMD_audio/810.mp3,6.5,6.6
811,datasets/DEAM/MEMD_audio/811.mp3,4.1,4.9
813,datasets/DEAM/MEMD_audio/813.mp3,6.2,6.7
814,datasets/DEAM/MEMD_audio/814.mp3,6.1,5.3
815,datasets/DEAM/MEMD_audio/815.mp3,5.5,5.9
818,datasets/DEAM/MEMD_audio/818.mp3,5.9,6.8
819,datasets/DEAM/MEMD_audio/819.mp3,4.0,5.7
820,datasets/DEAM/MEMD_audio/820.mp3,6.4,6.4
823,datasets/DEAM/MEMD_audio/823.mp3,4.8,4.8
824,datasets/DEAM/MEMD_audio/824.mp3,7.2,7.0
825,datasets/DEAM/MEMD_audio/825.mp3,4.1,5.7
826,datasets/DEAM/MEMD_audio/826.mp3,4.0,4.7
829,datasets/DEAM/MEMD_audio/829.mp3,2.3,4.5
830,datasets/DEAM/MEMD_audio/830.mp3,5.3,5.9
831,datasets/DEAM/MEMD_audio/831.mp3,5.2,6.2
833,datasets/DEAM/MEMD_audio/833.mp3,5.0,5.8
834,datasets/DEAM/MEMD_audio/834.mp3,4.7,4.3
836,datasets/DEAM/MEMD_audio/836.mp3,7.1,5.7
839,datasets/DEAM/MEMD_audio/839.mp3,5.7,4.4
841,datasets/DEAM/MEMD_audio/841.mp3,4.2,4.7
844,datasets/DEAM/MEMD_audio/844.mp3,3.8,3.4
845,datasets/DEAM/MEMD_audio/845.mp3,5.1,4.0
846,datasets/DEAM/MEMD_audio/846.mp3,6.0,5.5
848,datasets/DEAM/MEMD_audio/848.mp3,2.2,2.7
850,datasets/DEAM/MEMD_audio/850.mp3,3.3333,2.7778
851,datasets/DEAM/MEMD_audio/851.mp3,5.0,4.4
852,datasets/DEAM/MEMD_audio/852.mp3,4.5,4.7
854,datasets/DEAM/MEMD_audio/854.mp3,2.9,3.8
855,datasets/DEAM/MEMD_audio/855.mp3,2.9,4.5
856,datasets/DEAM/MEMD_audio/856.mp3,6.7,5.6
857,datasets/DEAM/MEMD_audio/857.mp3,4.9,5.3
858,datasets/DEAM/MEMD_audio/858.mp3,4.4,4.5
859,datasets/DEAM/MEMD_audio/859.mp3,3.6,5.1
860,datasets/DEAM/MEMD_audio/860.mp3,6.6,6.7
863,datasets/DEAM/MEMD_audio/863.mp3,6.4,7.0
864,datasets/DEAM/MEMD_audio/864.mp3,5.7,5.9
865,datasets/DEAM/MEMD_audio/865.mp3,2.8,4.6
866,datasets/DEAM/MEMD_audio/866.mp3,5.8,5.1
867,datasets/DEAM/MEMD_audio/867.mp3,5.8,6.5
869,datasets/DEAM/MEMD_audio/869.mp3,2.6,4.1
871,datasets/DEAM/MEMD_audio/871.mp3,6.4,6.0
872,datasets/DEAM/MEMD_audio/872.mp3,3.4,5.5
873,datasets/DEAM/MEMD_audio/873.mp3,6.8,7.0
874,datasets/DEAM/MEMD_audio/874.mp3,6.3,4.4
876,datasets/DEAM/MEMD_audio/876.mp3,6.3,6.7
879,datasets/DEAM/MEMD_audio/879.mp3,5.6,6.0
880,datasets/DEAM/MEMD_audio/880.mp3,4.9,3.8
882,datasets/DEAM/MEMD_audio/882.mp3,5.3,5.2
884,datasets/DEAM/MEMD_audio/884.mp3,5.5,5.0
886,datasets/DEAM/MEMD_audio/886.mp3,5.9,5.4
887,datasets/DEAM/MEMD_audio/887.mp3,5.1,5.6
889,datasets/DEAM/MEMD_audio/889.mp3,6.9,7.2
890,datasets/DEAM/MEMD_audio/890.mp3,3.6,4.7
891,datasets/DEAM/MEMD_audio/891.mp3,3.4,5.5
892,datasets/DEAM/MEMD_audio/892.mp3,3.9,2.9
893,datasets/DEAM/MEMD_audio/893.mp3,7.3,3.3
897,datasets/DEAM/MEMD_audio/897.mp3,4.9,4.3
898,datasets/DEAM/MEMD_audio/898.mp3,6.4,5.5
899,datasets/DEAM/MEMD_audio/899.mp3,5.3,6.3
902,datasets/DEAM/MEMD_audio/902.mp3,7.0,3.3
903,datasets/DEAM/MEMD_audio/903.mp3,5.9,5.6
904,datasets/DEAM/MEMD_audio/904.mp3,5.7,4.2
908,datasets/DEAM/MEMD_audio/908.mp3,5.5,4.9
909,datasets/DEAM/MEMD_audio/909.mp3,6.0,5.5
910,datasets/DEAM/MEMD_audio/910.mp3,7.0,6.6
911,datasets/DEAM/MEMD_audio/911.mp3,7.1,4.0
913,datasets/DEAM/MEMD_audio/913.mp3,4.8,3.3
915,datasets/DEAM/MEMD_audio/915.mp3,5.0,5.2
921,datasets/DEAM/MEMD_audio/921.mp3,5.9,6.1
924,datasets/DEAM/MEMD_audio/924.mp3,5.4,6.2
925,datasets/DEAM/MEMD_audio/925.mp3,4.9,5.7
926,datasets/DEAM/MEMD_audio/926.mp3,4.0,5.5
928,datasets/DEAM/MEMD_audio/928.mp3,5.0,4.0
931,datasets/DEAM/MEMD_audio/931.mp3,6.3,6.5
932,datasets/DEAM/MEMD_audio/932.mp3,4.5,4.9
934,datasets/DEAM/MEMD_audio/934.mp3,6.2,6.4
936,datasets/DEAM/MEMD_audio/936.mp3,5.4,4.7
938,datasets/DEAM/MEMD_audio/938.mp3,7.3,4.2
939,datasets/DEAM/MEMD_audio/939.mp3,6.2,2.7
941,datasets/DEAM/MEMD_audio/941.mp3,7.2,5.9
942,datasets/DEAM/MEMD_audio/942.mp3,4.8,4.1
944,datasets/DEAM/MEMD_audio/944.mp3,7.1,6.5
945,datasets/DEAM/MEMD_audio/945.mp3,2.3,2.8
949,datasets/DEAM/MEMD_audio/949.mp3,5.7,6.1
952,datasets/DEAM/MEMD_audio/952.mp3,4.2,3.7
954,datasets/DEAM/MEMD_audio/954.mp3,5.1,5.5
955,datasets/DEAM/MEMD_audio/955.mp3,3.8,5.6
956,datasets/DEAM/MEMD_audio/956.mp3,4.5,5.4
957,datasets/DEAM/MEMD_audio/957.mp3,2.8,4.7
958,datasets/DEAM/MEMD_audio/958.mp3,5.5,5.1
959,datasets/DEAM/MEMD_audio/959.mp3,6.2,6.4
960,datasets/DEAM/MEMD_audio/960.mp3,7.7,7.7
961,datasets/DEAM/MEMD_audio/961.mp3,5.6,5.5
962,datasets/DEAM/MEMD_audio/962.mp3,7.4,3.4
964,datasets/DEAM/MEMD_audio/964.mp3,7.6,7.0
967,datasets/DEAM/MEMD_audio/967.mp3,2.8,4.4
968,datasets/DEAM/MEMD_audio/968.mp3,3.8,3.2
970,datasets/DEAM/MEMD_audio/970.mp3,6.6,6.6
973,datasets/DEAM/MEMD_audio/973.mp3,6.5,4.6
974,datasets/DEAM/MEMD_audio/974.mp3,4.1,4.2
976,datasets/DEAM/MEMD_audio/976.mp3,6.2,5.9
977,datasets/DEAM/MEMD_audio/977.mp3,7.3,3.5
978,datasets/DEAM/MEMD_audio/978.mp3,7.7,6.1
979,datasets/DEAM/MEMD_audio/979.mp3,3.1,5.5
980,datasets/DEAM/MEMD_audio/980.mp3,5.8,4.3
981,datasets/DEAM/MEMD_audio/981.mp3,6.7,6.6
983,datasets/DEAM/MEMD_audio/983.mp3,4.8,6.3
985,datasets/DEAM/MEMD_audio/985.mp3,3.9,6.1
986,datasets/DEAM/MEMD_audio/986.mp3,5.8,4.5
987,datasets/DEAM/MEMD_audio/987.mp3,6.3,3.6
988,datasets/DEAM/MEMD_audio/988.mp3,5.4,5.9
989,datasets/DEAM/MEMD_audio/989.mp3,6.3,6.4
990,datasets/DEAM/MEMD_audio/990.mp3,6.0,6.1
991,datasets/DEAM/MEMD_audio/991.mp3,3.1,3.5
993,datasets/DEAM/MEMD_audio/993.mp3,4.4,3.8
994,datasets/DEAM/MEMD_audio/994.mp3,6.6,5.3
995,datasets/DEAM/MEMD_audio/995.mp3,4.7,2.4
996,datasets/DEAM/MEMD_audio/996.mp3,6.0,6.7
997,datasets/DEAM/MEMD_audio/997.mp3,6.4,6.7
999,datasets/DEAM/MEMD_audio/999.mp3,4.1,5.9
1000,datasets/DEAM/MEMD_audio/1000.mp3,7.2222,5.8889
