File_Name,True_Emotion,Predicted_Emotion
1082_IEO_DIS_MD.wav,disgust,disgust
1073_IOM_SAD_XX.wav,sad,neutral
YAF_ton_angry.wav,angry,angry
JE_su07.wav,surprise,surprise
1012_ITS_NEU_XX.wav,neutral,happy
1069_IEO_HAP_MD.wav,happy,happy
1038_DFA_SAD_XX.wav,sad,sad
1079_TIE_HAP_XX.wav,happy,happy
1010_TSI_DIS_XX.wav,disgust,disgust
1008_TIE_HAP_XX.wav,happy,happy
1033_ITS_ANG_XX.wav,angry,angry
1073_ITS_SAD_XX.wav,sad,neutral
1064_TSI_DIS_XX.wav,disgust,disgust
1042_WSI_FEA_XX.wav,fear,angry
1023_IEO_ANG_MD.wav,angry,angry
1079_IOM_FEA_XX.wav,fear,fear
1071_DFA_FEA_XX.wav,fear,fear
OAF_pearl_ps.wav,surprise,surprise
DC_h12.wav,happy,happy
1060_TSI_ANG_XX.wav,angry,angry
1045_DFA_SAD_XX.wav,sad,sad
1040_ITS_DIS_XX.wav,disgust,sad
OAF_love_sad.wav,sad,sad
YAF_judge_ps.wav,surprise,surprise
OAF_chalk_ps.wav,surprise,surprise
1011_IEO_FEA_MD.wav,fear,sad
1044_TAI_SAD_XX.wav,sad,disgust
1088_WSI_DIS_XX.wav,disgust,fear
YAF_haze_sad.wav,sad,neutral
OAF_lid_ps.wav,surprise,angry
1047_IWL_NEU_XX.wav,neutral,neutral
1045_ITS_DIS_XX.wav,disgust,disgust
OAF_dead_ps.wav,surprise,surprise
1016_IOM_HAP_XX.wav,happy,disgust
1015_DFA_FEA_XX.wav,fear,fear
YAF_rose_fear.wav,fear,fear
OAF_bite_neutral.wav,neutral,neutral
1012_TAI_FEA_XX.wav,fear,fear
OAF_cause_disgust.wav,disgust,disgust
1031_IEO_HAP_HI.wav,happy,happy
1088_IEO_FEA_HI.wav,fear,fear
1043_IWL_ANG_XX.wav,angry,angry
1039_ITS_SAD_XX.wav,sad,sad
1046_TIE_ANG_XX.wav,angry,angry
JK_su15.wav,surprise,fear
OAF_match_ps.wav,surprise,surprise
1088_TAI_ANG_XX.wav,angry,angry
OAF_peg_angry.wav,angry,angry
1046_ITH_SAD_XX.wav,sad,neutral
1080_ITH_HAP_XX.wav,happy,happy
OAF_keep_happy.wav,happy,happy
OAF_thought_fear.wav,fear,fear
YAF_late_ps.wav,surprise,surprise
1049_IWW_DIS_XX.wav,disgust,happy
YAF_pick_fear.wav,fear,fear
YAF_tool_ps.wav,surprise,surprise
1062_DFA_NEU_XX.wav,neutral,neutral
1007_IEO_HAP_MD.wav,happy,disgust
1055_TAI_ANG_XX.wav,angry,happy
1077_TAI_SAD_XX.wav,sad,neutral
JE_sa14.wav,sad,sad
1064_MTI_NEU_XX.wav,neutral,neutral
1048_IOM_FEA_XX.wav,fear,fear
1072_ITS_ANG_XX.wav,angry,neutral
1060_TSI_SAD_XX.wav,sad,fear
YAF_keg_happy.wav,happy,angry
1078_DFA_SAD_XX.wav,sad,fear
YAF_chalk_fear.wav,fear,fear
YAF_hit_angry.wav,angry,angry
OAF_five_angry.wav,angry,angry
1017_IEO_HAP_LO.wav,happy,neutral
1021_ITH_FEA_XX.wav,fear,sad
OAF_five_neutral.wav,neutral,angry
OAF_numb_ps.wav,surprise,surprise
1029_ITH_HAP_XX.wav,happy,happy
1058_IEO_SAD_MD.wav,sad,fear
OAF_burn_sad.wav,sad,sad
1074_TSI_NEU_XX.wav,neutral,neutral
OAF_sell_disgust.wav,disgust,disgust
YAF_choice_fear.wav,fear,happy
OAF_beg_fear.wav,fear,fear
YAF_wag_happy.wav,happy,angry
1055_TSI_DIS_XX.wav,disgust,disgust
1059_MTI_DIS_XX.wav,disgust,disgust
1083_WSI_HAP_XX.wav,happy,happy
1043_IEO_DIS_LO.wav,disgust,happy
YAF_pearl_neutral.wav,neutral,neutral
1017_TSI_HAP_XX.wav,happy,angry
1045_ITH_DIS_XX.wav,disgust,disgust
1041_IEO_ANG_HI.wav,angry,angry
1058_ITH_NEU_XX.wav,neutral,neutral
1023_TAI_SAD_XX.wav,sad,neutral
KL_n20.wav,neutral,neutral
1005_TIE_HAP_XX.wav,happy,happy
YAF_kill_fear.wav,fear,fear
1060_ITS_FEA_XX.wav,fear,neutral
1004_DFA_FEA_XX.wav,fear,fear
OAF_moon_ps.wav,surprise,surprise
KL_n03.wav,neutral,neutral
1003_IOM_NEU_XX.wav,neutral,neutral
JK_n21.wav,neutral,neutral
1043_IEO_FEA_LO.wav,fear,disgust
1025_MTI_ANG_XX.wav,angry,angry
1023_WSI_HAP_XX.wav,happy,angry
OAF_nice_neutral.wav,neutral,neutral
1036_TAI_HAP_XX.wav,happy,angry
1008_TSI_ANG_XX.wav,angry,angry
1004_ITH_ANG_XX.wav,angry,angry
1060_WSI_HAP_XX.wav,happy,happy
1042_ITS_ANG_XX.wav,angry,angry
1056_IWL_FEA_XX.wav,fear,fear
1087_IWW_HAP_XX.wav,happy,happy
1067_ITH_SAD_XX.wav,sad,sad
1087_IWW_ANG_XX.wav,angry,angry
1039_ITH_NEU_XX.wav,neutral,neutral
1091_ITS_SAD_XX.wav,sad,sad
OAF_soup_ps.wav,surprise,surprise
1023_TAI_ANG_XX.wav,angry,angry
YAF_dime_fear.wav,fear,fear
1005_ITH_HAP_XX.wav,happy,happy
1017_TIE_ANG_XX.wav,angry,disgust
1078_IOM_HAP_XX.wav,happy,fear
1050_MTI_SAD_XX.wav,sad,neutral
1047_TIE_FEA_XX.wav,fear,fear
JK_h15.wav,happy,happy
1019_IEO_SAD_MD.wav,sad,neutral
1087_MTI_NEU_XX.wav,neutral,sad
YAF_luck_disgust.wav,disgust,disgust
1070_TIE_SAD_XX.wav,sad,sad
OAF_talk_neutral.wav,neutral,neutral
1042_ITH_DIS_XX.wav,disgust,disgust
1045_TSI_ANG_XX.wav,angry,disgust
1008_MTI_FEA_XX.wav,fear,fear
1002_DFA_FEA_XX.wav,fear,fear
1031_MTI_SAD_XX.wav,sad,neutral
1063_IWW_ANG_XX.wav,angry,angry
1075_WSI_FEA_XX.wav,fear,fear
YAF_luck_neutral.wav,neutral,neutral
1011_IWL_FEA_XX.wav,fear,fear
1058_ITS_NEU_XX.wav,neutral,neutral
OAF_goal_sad.wav,sad,sad
1029_TIE_SAD_XX.wav,sad,fear
1089_IEO_HAP_HI.wav,happy,angry
YAF_wire_happy.wav,happy,happy
1006_IWW_ANG_XX.wav,angry,angry
1002_TAI_NEU_XX.wav,neutral,fear
OAF_week_sad.wav,sad,sad
DC_d09.wav,disgust,disgust
1008_TIE_DIS_XX.wav,disgust,angry
1043_MTI_HAP_XX.wav,happy,fear
1075_TAI_NEU_XX.wav,neutral,neutral
JK_d13.wav,disgust,disgust
1013_TAI_ANG_XX.wav,angry,happy
1026_DFA_ANG_XX.wav,angry,angry
1035_DFA_HAP_XX.wav,happy,happy
1048_TIE_SAD_XX.wav,sad,neutral
1016_TAI_NEU_XX.wav,neutral,happy
1033_TAI_SAD_XX.wav,sad,disgust
YAF_wife_angry.wav,angry,angry
1029_IWW_ANG_XX.wav,angry,angry
1018_IEO_DIS_LO.wav,disgust,disgust
OAF_thumb_ps.wav,surprise,disgust
OAF_pole_angry.wav,angry,angry
1074_DFA_DIS_XX.wav,disgust,disgust
1085_TAI_FEA_XX.wav,fear,disgust
1061_TSI_HAP_XX.wav,happy,disgust
1076_IEO_DIS_MD.wav,disgust,angry
YAF_door_disgust.wav,disgust,disgust
YAF_raise_disgust.wav,disgust,disgust
1063_IWW_DIS_XX.wav,disgust,disgust
OAF_kill_ps.wav,surprise,surprise
1024_IEO_ANG_LO.wav,angry,fear
1050_WSI_FEA_XX.wav,fear,fear
1042_IEO_ANG_MD.wav,angry,happy
1055_TSI_HAP_XX.wav,happy,happy
YAF_read_sad.wav,sad,sad
1028_ITS_HAP_XX.wav,happy,happy
1027_WSI_NEU_XX.wav,neutral,neutral
1037_IWL_SAD_XX.wav,sad,sad
1002_DFA_DIS_XX.wav,disgust,disgust
OAF_void_fear.wav,fear,fear
YAF_five_angry.wav,angry,angry
1041_IWW_HAP_XX.wav,happy,fear
1062_ITH_SAD_XX.wav,sad,fear
1087_IEO_ANG_MD.wav,angry,disgust
DC_f07.wav,fear,fear
OAF_dime_disgust.wav,disgust,disgust
1043_IOM_FEA_XX.wav,fear,disgust
OAF_voice_sad.wav,sad,neutral
1069_IWW_SAD_XX.wav,sad,fear
OAF_chalk_angry.wav,angry,happy
1018_IEO_SAD_MD.wav,sad,sad
1001_TSI_SAD_XX.wav,sad,fear
1020_IEO_DIS_LO.wav,disgust,disgust
1041_ITH_SAD_XX.wav,sad,sad
1014_MTI_FEA_XX.wav,fear,sad
1005_IWL_HAP_XX.wav,happy,happy
YAF_mill_disgust.wav,disgust,disgust
1074_TSI_ANG_XX.wav,angry,angry
YAF_boat_angry.wav,angry,neutral
1054_IEO_FEA_LO.wav,fear,sad
1003_ITH_FEA_XX.wav,fear,fear
1006_IEO_FEA_HI.wav,fear,sad
DC_d15.wav,disgust,disgust
JE_d04.wav,disgust,disgust
OAF_shawl_ps.wav,surprise,surprise
1064_ITS_SAD_XX.wav,sad,sad
1074_ITH_HAP_XX.wav,happy,happy
YAF_lose_happy.wav,happy,happy
OAF_name_angry.wav,angry,angry
YAF_shack_neutral.wav,neutral,neutral
1008_DFA_HAP_XX.wav,happy,happy
1038_TAI_DIS_XX.wav,disgust,disgust
YAF_lose_disgust.wav,disgust,disgust
1066_ITS_ANG_XX.wav,angry,disgust
1074_DFA_ANG_XX.wav,angry,angry
YAF_fit_neutral.wav,neutral,neutral
OAF_gun_ps.wav,surprise,surprise
1061_IWL_HAP_XX.wav,happy,neutral
1057_IEO_HAP_HI.wav,happy,happy
1091_IOM_NEU_XX.wav,neutral,fear
OAF_dip_angry.wav,angry,angry
1047_ITS_SAD_XX.wav,sad,sad
1088_DFA_DIS_XX.wav,disgust,fear
1042_MTI_HAP_XX.wav,happy,angry
1022_IEO_SAD_HI.wav,sad,sad
1030_TIE_ANG_XX.wav,angry,angry
1086_IWL_FEA_XX.wav,fear,fear
1038_WSI_FEA_XX.wav,fear,fear
1028_IWL_ANG_XX.wav,angry,disgust
1046_ITS_DIS_XX.wav,disgust,sad
1051_ITS_FEA_XX.wav,fear,fear
1051_DFA_NEU_XX.wav,neutral,neutral
1079_TIE_SAD_XX.wav,sad,sad
YAF_jail_ps.wav,surprise,surprise
1022_DFA_HAP_XX.wav,happy,happy
OAF_wheat_fear.wav,fear,fear
1067_TAI_DIS_XX.wav,disgust,happy
1005_WSI_SAD_XX.wav,sad,neutral
1023_IEO_ANG_HI.wav,angry,angry
YAF_gas_angry.wav,angry,angry
OAF_dead_happy.wav,happy,happy
1013_TAI_HAP_XX.wav,happy,angry
YAF_hall_neutral.wav,neutral,neutral
1006_TIE_ANG_XX.wav,angry,disgust
OAF_sour_disgust.wav,disgust,disgust
1017_IWL_NEU_XX.wav,neutral,neutral
1082_IEO_HAP_LO.wav,happy,happy
OAF_gaze_disgust.wav,disgust,disgust
1089_IOM_DIS_XX.wav,disgust,disgust
OAF_jug_sad.wav,sad,sad
JK_f12.wav,fear,fear
OAF_food_neutral.wav,neutral,neutral
JE_h10.wav,happy,fear
1040_TIE_HAP_XX.wav,happy,happy
1018_TAI_DIS_XX.wav,disgust,sad
1068_TSI_FEA_XX.wav,fear,fear
1058_MTI_NEU_XX.wav,neutral,neutral
1008_TAI_FEA_XX.wav,fear,angry
1048_ITS_SAD_XX.wav,sad,happy
OAF_good_ps.wav,surprise,surprise
1091_IWW_HAP_XX.wav,happy,happy
1008_IWL_HAP_XX.wav,happy,happy
1062_IWW_FEA_XX.wav,fear,neutral
1003_IEO_ANG_MD.wav,angry,angry
1065_TAI_NEU_XX.wav,neutral,neutral
1026_IEO_DIS_MD.wav,disgust,angry
1057_IEO_ANG_HI.wav,angry,fear
1079_MTI_DIS_XX.wav,disgust,disgust
1068_IOM_SAD_XX.wav,sad,sad
1040_ITS_FEA_XX.wav,fear,fear
1090_IEO_SAD_MD.wav,sad,sad
YAF_mop_angry.wav,angry,angry
YAF_note_neutral.wav,neutral,neutral
1063_IWL_DIS_XX.wav,disgust,disgust
1077_IEO_SAD_LO.wav,sad,neutral
OAF_chat_fear.wav,fear,fear
1018_ITH_FEA_XX.wav,fear,happy
1080_DFA_ANG_XX.wav,angry,angry
OAF_live_disgust.wav,disgust,disgust
OAF_beg_happy.wav,happy,happy
1060_IWW_DIS_XX.wav,disgust,happy
OAF_gaze_neutral.wav,neutral,neutral
1009_IWW_ANG_XX.wav,angry,angry
1021_TAI_HAP_XX.wav,happy,happy
1055_DFA_SAD_XX.wav,sad,sad
YAF_rose_disgust.wav,disgust,disgust
1005_ITS_HAP_XX.wav,happy,angry
OAF_dip_happy.wav,happy,happy
YAF_tool_disgust.wav,disgust,disgust
1016_IOM_FEA_XX.wav,fear,disgust
1008_IEO_FEA_LO.wav,fear,fear
1028_ITS_DIS_XX.wav,disgust,disgust
1085_ITS_FEA_XX.wav,fear,sad
1010_ITH_HAP_XX.wav,happy,happy
1086_ITH_DIS_XX.wav,disgust,angry
1070_IWW_HAP_XX.wav,happy,happy
OAF_bone_angry.wav,angry,angry
1004_WSI_HAP_XX.wav,happy,disgust
JK_a08.wav,angry,angry
1016_ITH_DIS_XX.wav,disgust,fear
1067_WSI_FEA_XX.wav,fear,fear
1043_TIE_DIS_XX.wav,disgust,disgust
1019_TAI_NEU_XX.wav,neutral,neutral
1005_IWW_DIS_XX.wav,disgust,disgust
1020_IOM_NEU_XX.wav,neutral,neutral
1051_TAI_DIS_XX.wav,disgust,disgust
1039_ITH_SAD_XX.wav,sad,sad
1090_ITH_HAP_XX.wav,happy,happy
YAF_yes_sad.wav,sad,sad
OAF_shall_disgust.wav,disgust,disgust
OAF_witch_fear.wav,fear,fear
1078_IEO_SAD_LO.wav,sad,sad
1005_IEO_FEA_HI.wav,fear,fear
KL_f05.wav,fear,fear
1025_ITS_NEU_XX.wav,neutral,sad
YAF_ring_ps.wav,surprise,surprise
1086_IEO_FEA_HI.wav,fear,angry
1031_IOM_NEU_XX.wav,neutral,happy
1022_IEO_NEU_XX.wav,neutral,neutral
YAF_gap_sad.wav,sad,sad
OAF_mill_ps.wav,surprise,surprise
OAF_beg_angry.wav,angry,angry
1045_ITS_NEU_XX.wav,neutral,neutral
OAF_long_fear.wav,fear,fear
YAF_five_sad.wav,sad,sad
1006_IWW_DIS_XX.wav,disgust,sad
1018_IEO_FEA_LO.wav,fear,sad
OAF_luck_angry.wav,angry,angry
1058_IWL_SAD_XX.wav,sad,sad
OAF_goose_neutral.wav,neutral,neutral
1078_IWL_FEA_XX.wav,fear,happy
1057_TSI_HAP_XX.wav,happy,angry
1054_TSI_FEA_XX.wav,fear,fear
YAF_tip_neutral.wav,neutral,neutral
1034_ITH_NEU_XX.wav,neutral,neutral
JE_d15.wav,disgust,disgust
OAF_size_happy.wav,happy,happy
YAF_cause_ps.wav,surprise,surprise
1070_IEO_SAD_LO.wav,sad,fear
OAF_bar_happy.wav,happy,surprise
1073_TAI_NEU_XX.wav,neutral,disgust
1020_ITH_SAD_XX.wav,sad,sad
1034_TIE_FEA_XX.wav,fear,happy
JE_n26.wav,neutral,neutral
1046_WSI_ANG_XX.wav,angry,disgust
1083_IOM_ANG_XX.wav,angry,angry
1036_IEO_HAP_HI.wav,happy,angry
OAF_wire_neutral.wav,neutral,neutral
1062_TIE_NEU_XX.wav,neutral,neutral
1091_TIE_DIS_XX.wav,disgust,fear
1031_IWW_NEU_XX.wav,neutral,happy
YAF_keep_sad.wav,sad,sad
1052_IWW_FEA_XX.wav,fear,fear
1035_IWW_DIS_XX.wav,disgust,angry
1033_ITS_FEA_XX.wav,fear,fear
1020_MTI_ANG_XX.wav,angry,angry
OAF_lease_sad.wav,sad,sad
1054_IWL_NEU_XX.wav,neutral,sad
1018_WSI_SAD_XX.wav,sad,sad
1039_TSI_DIS_XX.wav,disgust,disgust
1042_TAI_NEU_XX.wav,neutral,neutral
JK_n13.wav,neutral,angry
1071_IWL_DIS_XX.wav,disgust,disgust
1020_MTI_NEU_XX.wav,neutral,neutral
1011_IWL_NEU_XX.wav,neutral,neutral
1042_DFA_ANG_XX.wav,angry,disgust
1050_DFA_FEA_XX.wav,fear,fear
1081_IWW_SAD_XX.wav,sad,sad
1053_MTI_NEU_XX.wav,neutral,neutral
YAF_hurl_neutral.wav,neutral,neutral
1035_WSI_HAP_XX.wav,happy,happy
1058_TIE_NEU_XX.wav,neutral,angry
YAF_south_disgust.wav,disgust,disgust
1079_IWL_HAP_XX.wav,happy,happy
YAF_match_sad.wav,sad,sad
1059_IEO_DIS_LO.wav,disgust,disgust
1041_IWW_ANG_XX.wav,angry,angry
1010_IWL_NEU_XX.wav,neutral,happy
YAF_pad_angry.wav,angry,angry
1061_IEO_HAP_LO.wav,happy,happy
YAF_lease_sad.wav,sad,sad
1051_WSI_NEU_XX.wav,neutral,neutral
1012_IWW_ANG_XX.wav,angry,angry
1077_IWW_ANG_XX.wav,angry,angry
1087_WSI_DIS_XX.wav,disgust,disgust
1038_MTI_FEA_XX.wav,fear,angry
1070_MTI_HAP_XX.wav,happy,happy
YAF_room_happy.wav,happy,happy
OAF_home_fear.wav,fear,fear
1058_ITH_HAP_XX.wav,happy,disgust
1032_TAI_NEU_XX.wav,neutral,disgust
1067_TIE_ANG_XX.wav,angry,angry
1045_TSI_FEA_XX.wav,fear,neutral
1084_IWW_SAD_XX.wav,sad,neutral
1068_TAI_FEA_XX.wav,fear,fear
1003_IOM_ANG_XX.wav,angry,angry
1033_WSI_ANG_XX.wav,angry,angry
1003_MTI_FEA_XX.wav,fear,disgust
1018_TAI_FEA_XX.wav,fear,sad
1022_TIE_ANG_XX.wav,angry,angry
1046_ITS_ANG_XX.wav,angry,angry
OAF_bean_fear.wav,fear,fear
1083_IWW_DIS_XX.wav,disgust,disgust
1024_ITH_SAD_XX.wav,sad,fear
OAF_dime_angry.wav,angry,angry
YAF_live_fear.wav,fear,fear
1016_IEO_SAD_MD.wav,sad,sad
1085_TIE_HAP_XX.wav,happy,fear
YAF_get_ps.wav,surprise,surprise
1080_DFA_NEU_XX.wav,neutral,neutral
1086_DFA_NEU_XX.wav,neutral,neutral
1068_IWW_ANG_XX.wav,angry,fear
1021_MTI_ANG_XX.wav,angry,disgust
1066_IWL_HAP_XX.wav,happy,fear
1079_ITH_HAP_XX.wav,happy,happy
1075_MTI_FEA_XX.wav,fear,fear
YAF_kite_happy.wav,happy,happy
1059_TAI_SAD_XX.wav,sad,sad
1088_IEO_ANG_HI.wav,angry,angry
1073_DFA_SAD_XX.wav,sad,neutral
1011_IWW_DIS_XX.wav,disgust,disgust
1074_ITH_DIS_XX.wav,disgust,angry
1059_IOM_SAD_XX.wav,sad,disgust
YAF_hash_sad.wav,sad,sad
1083_ITH_DIS_XX.wav,disgust,disgust
1027_TSI_DIS_XX.wav,disgust,sad
1087_TSI_NEU_XX.wav,neutral,neutral
1022_MTI_FEA_XX.wav,fear,angry
1058_DFA_ANG_XX.wav,angry,angry
OAF_limb_happy.wav,happy,happy
OAF_judge_sad.wav,sad,sad
1062_IOM_HAP_XX.wav,happy,happy
OAF_dodge_happy.wav,happy,happy
1048_TAI_FEA_XX.wav,fear,fear
1090_IEO_HAP_HI.wav,happy,angry
1017_IOM_ANG_XX.wav,angry,angry
1046_IOM_ANG_XX.wav,angry,angry
YAF_juice_sad.wav,sad,sad
1043_IWW_HAP_XX.wav,happy,happy
JE_d08.wav,disgust,disgust
1056_DFA_HAP_XX.wav,happy,happy
1060_IEO_ANG_HI.wav,angry,angry
1001_WSI_FEA_XX.wav,fear,happy
1035_ITH_NEU_XX.wav,neutral,fear
1038_ITH_ANG_XX.wav,angry,angry
1064_IWW_ANG_XX.wav,angry,angry
1089_TAI_ANG_XX.wav,angry,angry
1030_TAI_FEA_XX.wav,fear,angry
1080_ITH_ANG_XX.wav,angry,angry
YAF_week_sad.wav,sad,sad
1055_WSI_SAD_XX.wav,sad,sad
OAF_mode_ps.wav,surprise,surprise
JE_f01.wav,fear,fear
1012_TIE_FEA_XX.wav,fear,fear
OAF_germ_sad.wav,sad,sad
YAF_date_sad.wav,sad,sad
1079_IEO_DIS_HI.wav,disgust,angry
JE_su14.wav,surprise,angry
1038_ITH_NEU_XX.wav,neutral,happy
1055_ITH_DIS_XX.wav,disgust,disgust
YAF_gun_neutral.wav,neutral,neutral
1001_IOM_NEU_XX.wav,neutral,fear
OAF_cheek_ps.wav,surprise,surprise
1007_ITS_HAP_XX.wav,happy,happy
OAF_life_angry.wav,angry,angry
1061_WSI_HAP_XX.wav,happy,angry
1003_TIE_SAD_XX.wav,sad,sad
1047_TAI_SAD_XX.wav,sad,sad
1074_IWW_DIS_XX.wav,disgust,angry
1006_TIE_NEU_XX.wav,neutral,neutral
1010_TAI_FEA_XX.wav,fear,fear
1007_WSI_NEU_XX.wav,neutral,disgust
1038_IWW_NEU_XX.wav,neutral,neutral
1082_IEO_HAP_MD.wav,happy,happy
OAF_near_disgust.wav,disgust,sad
1071_IWW_HAP_XX.wav,happy,fear
1061_ITH_DIS_XX.wav,disgust,disgust
1062_DFA_FEA_XX.wav,fear,sad
OAF_pick_disgust.wav,disgust,disgust
1039_WSI_HAP_XX.wav,happy,happy
YAF_good_angry.wav,angry,angry
1039_MTI_NEU_XX.wav,neutral,fear
1068_DFA_DIS_XX.wav,disgust,disgust
1015_IWL_DIS_XX.wav,disgust,disgust
JK_h11.wav,happy,happy
1005_TIE_NEU_XX.wav,neutral,neutral
1005_IWL_ANG_XX.wav,angry,angry
1088_IEO_DIS_MD.wav,disgust,happy
YAF_hurl_happy.wav,happy,happy
1031_TAI_NEU_XX.wav,neutral,happy
YAF_hit_fear.wav,fear,fear
OAF_live_sad.wav,sad,neutral
OAF_numb_angry.wav,angry,angry
OAF_rot_happy.wav,happy,angry
JE_d14.wav,disgust,disgust
1042_TIE_SAD_XX.wav,sad,happy
1075_WSI_ANG_XX.wav,angry,disgust
1026_TAI_SAD_XX.wav,sad,sad
1018_DFA_SAD_XX.wav,sad,sad
YAF_numb_fear.wav,fear,fear
OAF_pool_neutral.wav,neutral,neutral
OAF_cab_fear.wav,fear,surprise
1021_TSI_SAD_XX.wav,sad,sad
YAF_choice_neutral.wav,neutral,neutral
1017_IWL_FEA_XX.wav,fear,fear
YAF_shack_ps.wav,surprise,surprise
1015_TIE_DIS_XX.wav,disgust,disgust
JE_d06.wav,disgust,disgust
1083_WSI_SAD_XX.wav,sad,sad
1046_TSI_FEA_XX.wav,fear,fear
1057_DFA_FEA_XX.wav,fear,disgust
KL_sa10.wav,sad,sad
YAF_pole_disgust.wav,disgust,disgust
1012_IEO_NEU_XX.wav,neutral,neutral
1055_IWW_SAD_XX.wav,sad,sad
1037_ITH_DIS_XX.wav,disgust,sad
1066_ITH_DIS_XX.wav,disgust,disgust
1035_IOM_SAD_XX.wav,sad,disgust
1066_ITH_ANG_XX.wav,angry,fear
1079_IOM_ANG_XX.wav,angry,angry
YAF_gaze_ps.wav,surprise,surprise
1051_ITH_ANG_XX.wav,angry,angry
1059_IOM_NEU_XX.wav,neutral,sad
1039_IOM_SAD_XX.wav,sad,fear
1030_IWL_FEA_XX.wav,fear,fear
OAF_pike_neutral.wav,neutral,neutral
1079_WSI_NEU_XX.wav,neutral,neutral
1077_TIE_NEU_XX.wav,neutral,neutral
1025_DFA_FEA_XX.wav,fear,fear
1051_TIE_NEU_XX.wav,neutral,neutral
YAF_dodge_ps.wav,surprise,surprise
1004_ITH_SAD_XX.wav,sad,disgust
1052_ITS_DIS_XX.wav,disgust,disgust
1091_IWL_NEU_XX.wav,neutral,neutral
1076_ITS_SAD_XX.wav,sad,neutral
YAF_peg_fear.wav,fear,fear
1025_WSI_NEU_XX.wav,neutral,neutral
1068_IEO_HAP_HI.wav,happy,angry
1081_IOM_FEA_XX.wav,fear,sad
1040_TAI_SAD_XX.wav,sad,sad
1083_IEO_DIS_MD.wav,disgust,fear
YAF_long_sad.wav,sad,sad
1004_IEO_DIS_HI.wav,disgust,sad
1006_WSI_NEU_XX.wav,neutral,disgust
1078_IEO_FEA_HI.wav,fear,happy
1024_TIE_ANG_XX.wav,angry,sad
1027_WSI_DIS_XX.wav,disgust,happy
1013_ITS_FEA_XX.wav,fear,fear
YAF_hire_happy.wav,happy,happy
1059_IWL_ANG_XX.wav,angry,angry
1021_IEO_NEU_XX.wav,neutral,neutral
OAF_road_fear.wav,fear,angry
OAF_when_disgust.wav,disgust,disgust
OAF_chain_fear.wav,fear,fear
1038_IWW_FEA_XX.wav,fear,fear
YAF_hush_fear.wav,fear,fear
OAF_lose_neutral.wav,neutral,happy
OAF_room_sad.wav,sad,sad
1030_IEO_ANG_HI.wav,angry,angry
1059_MTI_SAD_XX.wav,sad,angry
1045_ITS_SAD_XX.wav,sad,neutral
YAF_date_fear.wav,fear,fear
OAF_gas_fear.wav,fear,fear
1015_ITH_SAD_XX.wav,sad,sad
YAF_sure_ps.wav,surprise,surprise
1036_TAI_FEA_XX.wav,fear,disgust
1082_TIE_ANG_XX.wav,angry,angry
1051_IEO_HAP_HI.wav,happy,angry
1011_TIE_NEU_XX.wav,neutral,happy
1031_WSI_ANG_XX.wav,angry,happy
1065_DFA_DIS_XX.wav,disgust,disgust
1046_TAI_ANG_XX.wav,angry,angry
YAF_lid_neutral.wav,neutral,neutral
1015_IEO_DIS_MD.wav,disgust,disgust
1008_TIE_FEA_XX.wav,fear,angry
YAF_mill_sad.wav,sad,sad
1042_TAI_DIS_XX.wav,disgust,angry
OAF_ring_ps.wav,surprise,surprise
1033_DFA_DIS_XX.wav,disgust,disgust
OAF_shout_fear.wav,fear,fear
1010_MTI_FEA_XX.wav,fear,fear
1003_IEO_ANG_LO.wav,angry,angry
1016_TSI_HAP_XX.wav,happy,disgust
1031_TIE_DIS_XX.wav,disgust,neutral
YAF_king_happy.wav,happy,happy
1015_IEO_SAD_LO.wav,sad,sad
1083_IWW_ANG_XX.wav,angry,angry
YAF_rough_fear.wav,fear,fear
YAF_pike_sad.wav,sad,sad
YAF_mess_happy.wav,happy,angry
1029_IWL_SAD_XX.wav,sad,sad
1014_IEO_FEA_LO.wav,fear,fear
1016_IEO_SAD_HI.wav,sad,fear
1056_ITS_SAD_XX.wav,sad,fear
OAF_take_disgust.wav,disgust,disgust
1026_IWL_HAP_XX.wav,happy,happy
1058_TAI_NEU_XX.wav,neutral,angry
1018_TSI_FEA_XX.wav,fear,fear
OAF_date_disgust.wav,disgust,disgust
1073_IWL_DIS_XX.wav,disgust,disgust
1085_WSI_NEU_XX.wav,neutral,neutral
YAF_pain_ps.wav,surprise,surprise
YAF_pad_sad.wav,sad,sad
1069_DFA_NEU_XX.wav,neutral,angry
1074_IOM_FEA_XX.wav,fear,neutral
1007_IWL_ANG_XX.wav,angry,angry
OAF_lore_neutral.wav,neutral,neutral
1077_IEO_NEU_XX.wav,neutral,happy
1014_IEO_FEA_HI.wav,fear,fear
1007_ITS_FEA_XX.wav,fear,happy
1009_ITS_FEA_XX.wav,fear,fear
1049_ITS_NEU_XX.wav,neutral,neutral
1052_IEO_ANG_MD.wav,angry,angry
1058_IEO_HAP_HI.wav,happy,fear
1080_WSI_ANG_XX.wav,angry,angry
1046_WSI_HAP_XX.wav,happy,happy
YAF_tell_fear.wav,fear,fear
1021_ITS_HAP_XX.wav,happy,angry
1040_TSI_SAD_XX.wav,sad,sad
1039_TAI_DIS_XX.wav,disgust,angry
KL_su09.wav,surprise,happy
1033_ITH_FEA_XX.wav,fear,sad
YAF_yes_angry.wav,angry,angry
1003_IWW_ANG_XX.wav,angry,angry
OAF_far_sad.wav,sad,sad
YAF_beg_sad.wav,sad,sad
1043_WSI_NEU_XX.wav,neutral,disgust
1027_TAI_SAD_XX.wav,sad,neutral
1058_MTI_HAP_XX.wav,happy,angry
OAF_shirt_sad.wav,sad,disgust
1001_TSI_ANG_XX.wav,angry,angry
OAF_bean_disgust.wav,disgust,disgust
1041_DFA_FEA_XX.wav,fear,sad
OAF_rose_angry.wav,angry,angry
1025_IEO_HAP_LO.wav,happy,fear
JK_a03.wav,angry,happy
1054_ITH_SAD_XX.wav,sad,neutral
1035_TSI_DIS_XX.wav,disgust,disgust
OAF_make_happy.wav,happy,happy
OAF_walk_ps.wav,surprise,surprise
1029_ITS_SAD_XX.wav,sad,happy
OAF_calm_sad.wav,sad,sad
1073_ITH_ANG_XX.wav,angry,angry
OAF_luck_disgust.wav,disgust,disgust
YAF_hall_happy.wav,happy,angry
1062_IWL_NEU_XX.wav,neutral,disgust
YAF_room_angry.wav,angry,angry
1076_IOM_NEU_XX.wav,neutral,angry
1048_WSI_SAD_XX.wav,sad,sad
1085_ITS_NEU_XX.wav,neutral,neutral
1029_ITS_FEA_XX.wav,fear,fear
1044_ITH_FEA_XX.wav,fear,sad
1015_ITH_HAP_XX.wav,happy,happy
1036_IWL_HAP_XX.wav,happy,angry
1057_IWL_ANG_XX.wav,angry,angry
1024_IWW_DIS_XX.wav,disgust,disgust
YAF_base_disgust.wav,disgust,disgust
YAF_hash_happy.wav,happy,neutral
1027_DFA_NEU_XX.wav,neutral,neutral
YAF_burn_neutral.wav,neutral,neutral
1078_IEO_SAD_HI.wav,sad,fear
YAF_germ_happy.wav,happy,happy
OAF_germ_fear.wav,fear,fear
1004_IOM_SAD_XX.wav,sad,sad
1037_TIE_FEA_XX.wav,fear,fear
1060_WSI_FEA_XX.wav,fear,neutral
OAF_tell_ps.wav,surprise,surprise
1024_IEO_DIS_HI.wav,disgust,disgust
1051_IWL_DIS_XX.wav,disgust,sad
1034_ITH_ANG_XX.wav,angry,angry
1014_IOM_ANG_XX.wav,angry,angry
1041_ITS_DIS_XX.wav,disgust,disgust
YAF_rag_disgust.wav,disgust,disgust
YAF_phone_ps.wav,surprise,surprise
1033_TIE_DIS_XX.wav,disgust,disgust
1020_IOM_HAP_XX.wav,happy,happy
1006_TIE_DIS_XX.wav,disgust,disgust
1072_IEO_DIS_MD.wav,disgust,angry
1058_IWL_FEA_XX.wav,fear,fear
1063_IEO_NEU_XX.wav,neutral,disgust
1003_IEO_DIS_HI.wav,disgust,disgust
1060_ITH_FEA_XX.wav,fear,disgust
YAF_haze_happy.wav,happy,happy
OAF_yearn_angry.wav,angry,angry
1066_DFA_FEA_XX.wav,fear,fear
1066_IEO_FEA_MD.wav,fear,fear
1063_IWL_HAP_XX.wav,happy,happy
YAF_bite_sad.wav,sad,sad
1002_TSI_NEU_XX.wav,neutral,neutral
YAF_kill_neutral.wav,neutral,angry
1029_MTI_ANG_XX.wav,angry,angry
OAF_nice_disgust.wav,disgust,disgust
1010_IOM_ANG_XX.wav,angry,angry
1077_IOM_SAD_XX.wav,sad,sad
1045_DFA_HAP_XX.wav,happy,happy
1057_ITH_NEU_XX.wav,neutral,neutral
YAF_seize_angry.wav,angry,angry
1045_TSI_HAP_XX.wav,happy,fear
1030_TIE_HAP_XX.wav,happy,sad
1060_IWW_NEU_XX.wav,neutral,neutral
1016_IOM_NEU_XX.wav,neutral,happy
1003_WSI_NEU_XX.wav,neutral,sad
OAF_dime_sad.wav,sad,neutral
1030_TIE_DIS_XX.wav,disgust,angry
YAF_cheek_neutral.wav,neutral,neutral
1086_IWL_ANG_XX.wav,angry,angry
KL_n06.wav,neutral,neutral
1054_IWL_DIS_XX.wav,disgust,disgust
1027_WSI_ANG_XX.wav,angry,angry
1061_TSI_NEU_XX.wav,neutral,neutral
YAF_vote_neutral.wav,neutral,neutral
1006_DFA_DIS_XX.wav,disgust,disgust
DC_n15.wav,neutral,neutral
1008_IWW_SAD_XX.wav,sad,angry
1065_IEO_SAD_LO.wav,sad,disgust
YAF_near_angry.wav,angry,angry
YAF_hit_disgust.wav,disgust,disgust
1017_IEO_DIS_MD.wav,disgust,sad
OAF_team_happy.wav,happy,happy
1078_IWL_NEU_XX.wav,neutral,neutral
1030_IEO_HAP_HI.wav,happy,happy
YAF_bar_fear.wav,fear,fear
1009_TSI_NEU_XX.wav,neutral,neutral
1063_IEO_FEA_LO.wav,fear,fear
1012_ITS_ANG_XX.wav,angry,angry
1070_IEO_ANG_LO.wav,angry,happy
1030_IWL_ANG_XX.wav,angry,happy
1002_TAI_FEA_XX.wav,fear,happy
1014_TAI_HAP_XX.wav,happy,happy
1042_TAI_HAP_XX.wav,happy,happy
1009_ITH_ANG_XX.wav,angry,happy
YAF_young_happy.wav,happy,happy
1089_ITH_NEU_XX.wav,neutral,happy
1086_MTI_FEA_XX.wav,fear,disgust
OAF_seize_disgust.wav,disgust,disgust
KL_sa04.wav,sad,fear
1019_ITS_FEA_XX.wav,fear,fear
YAF_should_ps.wav,surprise,surprise
YAF_make_disgust.wav,disgust,disgust
1078_ITH_ANG_XX.wav,angry,angry
1088_TAI_DIS_XX.wav,disgust,disgust
YAF_bath_ps.wav,surprise,surprise
1072_MTI_SAD_XX.wav,sad,disgust
1081_WSI_DIS_XX.wav,disgust,disgust
1045_WSI_HAP_XX.wav,happy,disgust
1071_TSI_ANG_XX.wav,angry,angry
1043_ITS_FEA_XX.wav,fear,fear
1026_DFA_FEA_XX.wav,fear,fear
1001_IWL_NEU_XX.wav,neutral,neutral
OAF_neat_fear.wav,fear,fear
1026_IWL_DIS_XX.wav,disgust,disgust
1072_TIE_HAP_XX.wav,happy,angry
YAF_wire_fear.wav,fear,fear
OAF_boat_ps.wav,surprise,surprise
1040_TIE_ANG_XX.wav,angry,angry
OAF_chain_sad.wav,sad,sad
1060_IEO_DIS_MD.wav,disgust,angry
YAF_soup_angry.wav,angry,angry
1038_IEO_SAD_HI.wav,sad,sad
OAF_love_happy.wav,happy,happy
1039_IEO_HAP_LO.wav,happy,happy
YAF_door_angry.wav,angry,neutral
1042_IOM_SAD_XX.wav,sad,fear
1086_WSI_ANG_XX.wav,angry,angry
1030_IOM_NEU_XX.wav,neutral,happy
1070_TSI_HAP_XX.wav,happy,disgust
1067_IEO_DIS_LO.wav,disgust,neutral
1023_IWW_HAP_XX.wav,happy,happy
1045_IOM_NEU_XX.wav,neutral,neutral
1084_ITH_NEU_XX.wav,neutral,neutral
1001_IEO_HAP_MD.wav,happy,happy
1034_IOM_NEU_XX.wav,neutral,neutral
1045_TSI_SAD_XX.wav,sad,sad
1040_IEO_ANG_HI.wav,angry,angry
1001_TIE_HAP_XX.wav,happy,happy
OAF_live_fear.wav,fear,fear
1077_IOM_ANG_XX.wav,angry,angry
OAF_talk_fear.wav,fear,happy
OAF_puff_fear.wav,fear,fear
1060_ITH_ANG_XX.wav,angry,angry
1059_IEO_HAP_MD.wav,happy,happy
1003_IEO_SAD_LO.wav,sad,fear
1021_IWL_NEU_XX.wav,neutral,sad
1061_IWW_ANG_XX.wav,angry,angry
1021_IWW_NEU_XX.wav,neutral,neutral
1034_IOM_FEA_XX.wav,fear,fear
1023_WSI_SAD_XX.wav,sad,neutral
1090_MTI_NEU_XX.wav,neutral,happy
1012_IEO_DIS_LO.wav,disgust,fear
1042_WSI_HAP_XX.wav,happy,happy
1085_MTI_FEA_XX.wav,fear,fear
1053_IOM_SAD_XX.wav,sad,disgust
YAF_hall_disgust.wav,disgust,disgust
OAF_bar_neutral.wav,neutral,neutral
1079_IEO_HAP_HI.wav,happy,fear
1005_TIE_ANG_XX.wav,angry,angry
YAF_pearl_ps.wav,surprise,surprise
1039_IWW_NEU_XX.wav,neutral,neutral
1046_IWL_SAD_XX.wav,sad,happy
1033_IEO_DIS_HI.wav,disgust,disgust
1037_ITH_HAP_XX.wav,happy,sad
OAF_near_neutral.wav,neutral,neutral
1026_TAI_HAP_XX.wav,happy,happy
YAF_dip_angry.wav,angry,angry
1020_IEO_HAP_MD.wav,happy,happy
1066_IOM_HAP_XX.wav,happy,happy
YAF_wash_fear.wav,fear,fear
1051_IEO_ANG_HI.wav,angry,angry
1023_IWL_DIS_XX.wav,disgust,fear
1039_TSI_ANG_XX.wav,angry,angry
YAF_bought_sad.wav,sad,sad
OAF_void_sad.wav,sad,sad
OAF_page_sad.wav,sad,sad
1002_ITH_FEA_XX.wav,fear,disgust
OAF_hole_neutral.wav,neutral,fear
OAF_gas_angry.wav,angry,happy
1008_IEO_NEU_XX.wav,neutral,neutral
1032_ITS_SAD_XX.wav,sad,fear
1083_TIE_FEA_XX.wav,fear,sad
1049_TIE_SAD_XX.wav,sad,disgust
YAF_white_sad.wav,sad,sad
1008_IEO_SAD_HI.wav,sad,disgust
1081_TAI_ANG_XX.wav,angry,angry
1079_IEO_HAP_LO.wav,happy,happy
1085_IWW_ANG_XX.wav,angry,disgust
1059_ITH_ANG_XX.wav,angry,angry
1050_IEO_HAP_HI.wav,happy,angry
YAF_bone_disgust.wav,disgust,disgust
YAF_walk_angry.wav,angry,angry
JE_h11.wav,happy,happy
1010_IOM_SAD_XX.wav,sad,sad
YAF_rot_angry.wav,angry,angry
1010_DFA_DIS_XX.wav,disgust,disgust
YAF_pick_happy.wav,happy,happy
1087_IEO_FEA_LO.wav,fear,fear
1064_ITS_NEU_XX.wav,neutral,neutral
1023_TIE_SAD_XX.wav,sad,happy
1013_TSI_ANG_XX.wav,angry,angry
1019_TAI_FEA_XX.wav,fear,fear
1055_IOM_SAD_XX.wav,sad,sad
1018_TIE_DIS_XX.wav,disgust,disgust
DC_n19.wav,neutral,angry
YAF_food_disgust.wav,disgust,disgust
1085_IEO_HAP_MD.wav,happy,happy
YAF_phone_fear.wav,fear,fear
1035_IWW_FEA_XX.wav,fear,happy
1032_IEO_SAD_HI.wav,sad,disgust
1037_ITS_FEA_XX.wav,fear,sad
1034_IEO_ANG_LO.wav,angry,sad
1035_TSI_HAP_XX.wav,happy,disgust
OAF_back_sad.wav,sad,sad
1030_IEO_DIS_MD.wav,disgust,angry
OAF_when_angry.wav,angry,happy
OAF_dab_fear.wav,fear,fear
YAF_bean_ps.wav,surprise,surprise
1006_IWL_SAD_XX.wav,sad,sad
1060_IWL_ANG_XX.wav,angry,angry
1036_DFA_NEU_XX.wav,neutral,angry
1004_IOM_HAP_XX.wav,happy,disgust
OAF_long_sad.wav,sad,sad
1051_TAI_FEA_XX.wav,fear,fear
1019_TSI_SAD_XX.wav,sad,disgust
1015_IEO_FEA_MD.wav,fear,fear
1039_TSI_HAP_XX.wav,happy,happy
1002_TAI_DIS_XX.wav,disgust,angry
OAF_soap_sad.wav,sad,sad
YAF_lose_angry.wav,angry,angry
1054_IOM_HAP_XX.wav,happy,happy
1063_IEO_DIS_MD.wav,disgust,disgust
1009_IWL_NEU_XX.wav,neutral,neutral
1090_TIE_HAP_XX.wav,happy,happy
YAF_calm_happy.wav,happy,happy
OAF_goose_happy.wav,happy,happy
1017_IEO_ANG_HI.wav,angry,angry
YAF_room_sad.wav,sad,sad
1089_IEO_HAP_LO.wav,happy,happy
1047_IEO_HAP_HI.wav,happy,angry
OAF_keg_sad.wav,sad,sad
YAF_cool_ps.wav,surprise,surprise
1087_IWW_NEU_XX.wav,neutral,neutral
1045_TSI_DIS_XX.wav,disgust,disgust
1061_IEO_ANG_MD.wav,angry,angry
1026_IEO_HAP_MD.wav,happy,disgust
1030_WSI_ANG_XX.wav,angry,angry
OAF_thumb_angry.wav,angry,angry
1057_IOM_DIS_XX.wav,disgust,angry
1024_IWL_DIS_XX.wav,disgust,sad
1054_IOM_DIS_XX.wav,disgust,angry
1020_TAI_HAP_XX.wav,happy,happy
1090_TSI_NEU_XX.wav,neutral,happy
1024_ITH_DIS_XX.wav,disgust,neutral
1026_IEO_ANG_LO.wav,angry,neutral
1009_IEO_ANG_HI.wav,angry,fear
YAF_moon_angry.wav,angry,angry
1067_MTI_HAP_XX.wav,happy,fear
1045_TIE_SAD_XX.wav,sad,sad
YAF_nag_sad.wav,sad,sad
1064_IWL_FEA_XX.wav,fear,sad
1065_IWL_NEU_XX.wav,neutral,neutral
1052_ITS_FEA_XX.wav,fear,fear
1007_MTI_HAP_XX.wav,happy,sad
OAF_dip_ps.wav,surprise,surprise
1032_TIE_FEA_XX.wav,fear,sad
1039_TIE_HAP_XX.wav,happy,happy
OAF_keep_disgust.wav,disgust,disgust
OAF_haze_ps.wav,surprise,surprise
1076_IEO_ANG_HI.wav,angry,angry
1032_WSI_SAD_XX.wav,sad,sad
1006_IWW_HAP_XX.wav,happy,happy
1028_TAI_SAD_XX.wav,sad,sad
1041_TSI_SAD_XX.wav,sad,disgust
1006_TAI_SAD_XX.wav,sad,sad
JE_a07.wav,angry,angry
1075_DFA_NEU_XX.wav,neutral,fear
1080_IWW_ANG_XX.wav,angry,angry
YAF_gaze_happy.wav,happy,angry
1013_ITH_ANG_XX.wav,angry,angry
1003_IOM_FEA_XX.wav,fear,neutral
1014_IWL_ANG_XX.wav,angry,angry
OAF_sure_neutral.wav,neutral,fear
1036_ITH_FEA_XX.wav,fear,fear
1002_IEO_SAD_HI.wav,sad,fear
1009_ITS_NEU_XX.wav,neutral,sad
1084_IOM_NEU_XX.wav,neutral,neutral
OAF_gun_neutral.wav,neutral,neutral
1022_ITS_DIS_XX.wav,disgust,sad
OAF_kill_disgust.wav,disgust,disgust
1020_MTI_HAP_XX.wav,happy,happy
OAF_rag_happy.wav,happy,happy
1025_TAI_NEU_XX.wav,neutral,neutral
JK_n22.wav,neutral,neutral
KL_su14.wav,surprise,angry
1073_TIE_DIS_XX.wav,disgust,sad
OAF_met_fear.wav,fear,fear
1039_IEO_NEU_XX.wav,neutral,sad
1031_ITH_HAP_XX.wav,happy,disgust
1081_DFA_DIS_XX.wav,disgust,neutral
1068_ITS_NEU_XX.wav,neutral,neutral
1019_IWL_DIS_XX.wav,disgust,disgust
1043_WSI_FEA_XX.wav,fear,fear
1010_ITH_SAD_XX.wav,sad,sad
YAF_witch_happy.wav,happy,happy
1044_TAI_HAP_XX.wav,happy,happy
1019_TSI_ANG_XX.wav,angry,angry
JE_h06.wav,happy,happy
YAF_death_neutral.wav,neutral,neutral
YAF_soup_sad.wav,sad,sad
YAF_neat_happy.wav,happy,happy
1029_IWW_HAP_XX.wav,happy,fear
1015_ITS_FEA_XX.wav,fear,sad
YAF_thumb_fear.wav,fear,fear
1089_IEO_ANG_MD.wav,angry,angry
1076_IOM_ANG_XX.wav,angry,angry
1042_TAI_FEA_XX.wav,fear,fear
1007_DFA_ANG_XX.wav,angry,angry
YAF_lore_ps.wav,surprise,surprise
1021_IWL_ANG_XX.wav,angry,angry
OAF_tip_angry.wav,angry,angry
YAF_chair_ps.wav,surprise,surprise
1034_DFA_DIS_XX.wav,disgust,disgust
1052_WSI_FEA_XX.wav,fear,fear
OAF_mop_ps.wav,surprise,fear
1076_IEO_DIS_HI.wav,disgust,disgust
1055_TSI_ANG_XX.wav,angry,happy
OAF_back_disgust.wav,disgust,disgust
1029_IWL_NEU_XX.wav,neutral,disgust
OAF_dab_sad.wav,sad,sad
1071_ITS_DIS_XX.wav,disgust,fear
OAF_should_sad.wav,sad,sad
YAF_mood_sad.wav,sad,sad
1082_IEO_DIS_HI.wav,disgust,angry
OAF_door_happy.wav,happy,happy
1004_TAI_DIS_XX.wav,disgust,disgust
1071_WSI_DIS_XX.wav,disgust,disgust
YAF_chat_ps.wav,surprise,surprise
1054_WSI_ANG_XX.wav,angry,angry
1071_WSI_FEA_XX.wav,fear,happy
1061_TSI_FEA_XX.wav,fear,fear
1053_TAI_SAD_XX.wav,sad,happy
YAF_time_angry.wav,angry,angry
1087_ITH_SAD_XX.wav,sad,sad
1012_WSI_NEU_XX.wav,neutral,disgust
1071_IOM_NEU_XX.wav,neutral,neutral
OAF_kite_angry.wav,angry,angry
1027_IEO_ANG_LO.wav,angry,neutral
OAF_long_happy.wav,happy,happy
OAF_dodge_ps.wav,surprise,surprise
1066_IWW_HAP_XX.wav,happy,fear
1082_IOM_HAP_XX.wav,happy,happy
1078_WSI_HAP_XX.wav,happy,happy
1027_IOM_NEU_XX.wav,neutral,neutral
1012_DFA_FEA_XX.wav,fear,fear
1052_TAI_SAD_XX.wav,sad,neutral
1036_IWL_DIS_XX.wav,disgust,disgust
1029_TSI_FEA_XX.wav,fear,fear
1076_IWL_SAD_XX.wav,sad,neutral
1031_IEO_FEA_HI.wav,fear,fear
1058_ITH_DIS_XX.wav,disgust,disgust
1001_TIE_FEA_XX.wav,fear,happy
OAF_fall_sad.wav,sad,sad
OAF_yes_sad.wav,sad,sad
1030_IOM_HAP_XX.wav,happy,sad
1044_TSI_ANG_XX.wav,angry,angry
OAF_page_disgust.wav,disgust,disgust
JK_f01.wav,fear,happy
1024_WSI_SAD_XX.wav,sad,disgust
YAF_sub_sad.wav,sad,neutral
OAF_book_disgust.wav,disgust,disgust
1072_TSI_HAP_XX.wav,happy,happy
1081_IEO_HAP_MD.wav,happy,angry
YAF_cause_disgust.wav,disgust,disgust
1065_IEO_FEA_HI.wav,fear,fear
1025_IOM_FEA_XX.wav,fear,fear
1064_DFA_SAD_XX.wav,sad,sad
1062_IEO_DIS_MD.wav,disgust,disgust
YAF_perch_fear.wav,fear,fear
1051_TIE_HAP_XX.wav,happy,angry
1084_TSI_HAP_XX.wav,happy,disgust
JE_n28.wav,neutral,neutral
1010_ITS_DIS_XX.wav,disgust,disgust
1003_IEO_HAP_LO.wav,happy,happy
YAF_when_fear.wav,fear,fear
1083_IEO_FEA_LO.wav,fear,sad
JE_n17.wav,neutral,neutral
1034_IEO_ANG_HI.wav,angry,angry
1042_IWW_DIS_XX.wav,disgust,fear
1023_TSI_DIS_XX.wav,disgust,neutral
YAF_book_fear.wav,fear,fear
1080_ITH_SAD_XX.wav,sad,disgust
1073_IEO_SAD_MD.wav,sad,happy
1042_TSI_ANG_XX.wav,angry,angry
YAF_wheat_happy.wav,happy,happy
1068_IWW_FEA_XX.wav,fear,fear
1072_TAI_ANG_XX.wav,angry,angry
1037_WSI_HAP_XX.wav,happy,sad
1014_ITS_FEA_XX.wav,fear,fear
1053_TIE_FEA_XX.wav,fear,fear
1011_IEO_HAP_HI.wav,happy,happy
1058_TSI_NEU_XX.wav,neutral,neutral
1091_IEO_DIS_LO.wav,disgust,sad
1069_MTI_HAP_XX.wav,happy,happy
1021_WSI_HAP_XX.wav,happy,disgust
1014_IOM_FEA_XX.wav,fear,disgust
YAF_jar_disgust.wav,disgust,disgust
1010_IWW_FEA_XX.wav,fear,fear
1064_MTI_DIS_XX.wav,disgust,disgust
1070_IEO_SAD_HI.wav,sad,sad
OAF_dead_disgust.wav,disgust,disgust
1044_TAI_NEU_XX.wav,neutral,angry
DC_d01.wav,disgust,sad
1019_WSI_DIS_XX.wav,disgust,disgust
1039_IEO_ANG_LO.wav,angry,sad
OAF_wash_fear.wav,fear,fear
OAF_mood_ps.wav,surprise,surprise
1081_MTI_FEA_XX.wav,fear,fear
1012_TSI_SAD_XX.wav,sad,fear
YAF_burn_sad.wav,sad,sad
YAF_rot_neutral.wav,neutral,fear
1010_ITS_NEU_XX.wav,neutral,neutral
1028_TSI_SAD_XX.wav,sad,sad
1053_DFA_FEA_XX.wav,fear,fear
1029_ITS_DIS_XX.wav,disgust,disgust
1036_WSI_FEA_XX.wav,fear,fear
1080_IWL_ANG_XX.wav,angry,angry
1054_TIE_SAD_XX.wav,sad,fear
1060_TAI_HAP_XX.wav,happy,happy
1061_IEO_ANG_HI.wav,angry,happy
OAF_goose_fear.wav,fear,angry
1028_IWW_HAP_XX.wav,happy,fear
1078_IEO_DIS_HI.wav,disgust,disgust
OAF_match_angry.wav,angry,angry
OAF_far_disgust.wav,disgust,disgust
1038_TIE_ANG_XX.wav,angry,disgust
1036_TAI_SAD_XX.wav,sad,disgust
1025_ITS_FEA_XX.wav,fear,happy
1068_IWW_NEU_XX.wav,neutral,neutral
1028_IEO_FEA_LO.wav,fear,sad
1014_ITH_ANG_XX.wav,angry,disgust
1006_TAI_FEA_XX.wav,fear,fear
OAF_perch_ps.wav,surprise,surprise
1037_IOM_HAP_XX.wav,happy,happy
OAF_ditch_fear.wav,fear,fear
1046_IEO_DIS_MD.wav,disgust,fear
DC_n26.wav,neutral,neutral
OAF_goal_ps.wav,surprise,surprise
YAF_white_fear.wav,fear,fear
1026_IEO_ANG_MD.wav,angry,angry
1014_TAI_DIS_XX.wav,disgust,disgust
1009_TAI_FEA_XX.wav,fear,angry
1083_WSI_DIS_XX.wav,disgust,disgust
DC_n28.wav,neutral,neutral
OAF_thumb_happy.wav,happy,happy
1075_IWW_FEA_XX.wav,fear,sad
1051_ITH_HAP_XX.wav,happy,angry
1076_ITS_HAP_XX.wav,happy,happy
1052_MTI_HAP_XX.wav,happy,happy
OAF_make_disgust.wav,disgust,disgust
OAF_bath_sad.wav,sad,sad
DC_h06.wav,happy,happy
1025_IEO_ANG_LO.wav,angry,angry
1030_IEO_FEA_HI.wav,fear,fear
1039_IEO_SAD_HI.wav,sad,fear
JE_su02.wav,surprise,fear
YAF_pearl_happy.wav,happy,happy
OAF_neat_happy.wav,happy,happy
1045_IWL_NEU_XX.wav,neutral,neutral
YAF_tip_happy.wav,happy,fear
YAF_rot_happy.wav,happy,angry
1056_TAI_FEA_XX.wav,fear,fear
1046_IWW_DIS_XX.wav,disgust,neutral
OAF_cool_happy.wav,happy,happy
1079_ITH_FEA_XX.wav,fear,fear
OAF_wire_fear.wav,fear,fear
1002_IEO_FEA_LO.wav,fear,fear
YAF_tire_fear.wav,fear,fear
JE_f14.wav,fear,fear
1057_TAI_NEU_XX.wav,neutral,fear
1077_TAI_NEU_XX.wav,neutral,neutral
1046_IWW_ANG_XX.wav,angry,angry
1013_TAI_SAD_XX.wav,sad,fear
1053_IWW_HAP_XX.wav,happy,happy
1085_ITH_FEA_XX.wav,fear,sad
1059_IEO_SAD_MD.wav,sad,sad
1052_TIE_SAD_XX.wav,sad,sad
YAF_live_disgust.wav,disgust,disgust
1067_IWW_DIS_XX.wav,disgust,fear
1084_IEO_NEU_XX.wav,neutral,neutral
1048_TSI_HAP_XX.wav,happy,fear
YAF_beg_disgust.wav,disgust,disgust
1043_IWW_SAD_XX.wav,sad,sad
1039_IOM_ANG_XX.wav,angry,angry
OAF_base_happy.wav,happy,happy
1004_TSI_HAP_XX.wav,happy,disgust
1067_TAI_SAD_XX.wav,sad,sad
1008_TAI_ANG_XX.wav,angry,angry
1002_IEO_DIS_LO.wav,disgust,disgust
KL_h14.wav,happy,happy
1065_IWL_FEA_XX.wav,fear,neutral
1081_TIE_ANG_XX.wav,angry,angry
OAF_fit_neutral.wav,neutral,neutral
1049_IEO_NEU_XX.wav,neutral,fear
1088_IOM_HAP_XX.wav,happy,happy
OAF_red_ps.wav,surprise,surprise
1060_ITH_DIS_XX.wav,disgust,sad
1047_IEO_ANG_LO.wav,angry,angry
1036_ITS_ANG_XX.wav,angry,angry
1063_TAI_HAP_XX.wav,happy,happy
OAF_hit_neutral.wav,neutral,neutral
1076_IEO_ANG_MD.wav,angry,angry
1066_TAI_HAP_XX.wav,happy,happy
1024_IEO_DIS_MD.wav,disgust,disgust
1023_IWL_NEU_XX.wav,neutral,neutral
1054_DFA_FEA_XX.wav,fear,happy
1036_IWW_ANG_XX.wav,angry,angry
1090_ITS_FEA_XX.wav,fear,fear
1069_ITS_HAP_XX.wav,happy,happy
1004_MTI_FEA_XX.wav,fear,disgust
1012_IEO_SAD_LO.wav,sad,sad
1019_IWW_DIS_XX.wav,disgust,disgust
1047_TSI_DIS_XX.wav,disgust,happy
1060_IEO_FEA_MD.wav,fear,sad
YAF_sub_neutral.wav,neutral,neutral
1062_ITS_NEU_XX.wav,neutral,neutral
OAF_join_neutral.wav,neutral,neutral
OAF_sour_angry.wav,angry,angry
YAF_knock_sad.wav,sad,neutral
1001_IEO_NEU_XX.wav,neutral,happy
1070_TAI_NEU_XX.wav,neutral,neutral
1006_IOM_SAD_XX.wav,sad,disgust
1080_MTI_NEU_XX.wav,neutral,neutral
1017_TAI_HAP_XX.wav,happy,happy
1076_DFA_HAP_XX.wav,happy,happy
1035_ITS_DIS_XX.wav,disgust,disgust
YAF_road_sad.wav,sad,sad
1072_DFA_DIS_XX.wav,disgust,disgust
1004_IWL_SAD_XX.wav,sad,happy
YAF_time_ps.wav,surprise,surprise
1060_IEO_DIS_HI.wav,disgust,disgust
1037_IEO_SAD_MD.wav,sad,fear
JK_su08.wav,surprise,surprise
YAF_love_neutral.wav,neutral,neutral
1049_MTI_ANG_XX.wav,angry,happy
1003_IEO_ANG_HI.wav,angry,angry
1025_WSI_SAD_XX.wav,sad,sad
1060_IWW_SAD_XX.wav,sad,neutral
1055_TIE_NEU_XX.wav,neutral,neutral
1015_MTI_HAP_XX.wav,happy,fear
1011_IEO_SAD_LO.wav,sad,disgust
1047_IWW_SAD_XX.wav,sad,neutral
1085_TAI_NEU_XX.wav,neutral,fear
1079_IEO_SAD_LO.wav,sad,sad
OAF_moon_happy.wav,happy,happy
OAF_death_neutral.wav,neutral,neutral
1055_ITH_SAD_XX.wav,sad,sad
1007_IWW_NEU_XX.wav,neutral,neutral
OAF_sail_angry.wav,angry,angry
1028_DFA_NEU_XX.wav,neutral,neutral
1082_IEO_ANG_HI.wav,angry,angry
1048_ITS_NEU_XX.wav,neutral,neutral
1056_TSI_NEU_XX.wav,neutral,neutral
1050_IEO_ANG_HI.wav,angry,happy
1028_IEO_SAD_HI.wav,sad,sad
OAF_thin_ps.wav,surprise,surprise
1022_TSI_SAD_XX.wav,sad,sad
DC_h11.wav,happy,happy
1069_MTI_DIS_XX.wav,disgust,neutral
1073_IWL_NEU_XX.wav,neutral,neutral
1068_TSI_ANG_XX.wav,angry,angry
1045_IOM_SAD_XX.wav,sad,sad
OAF_tough_angry.wav,angry,angry
1003_IEO_FEA_LO.wav,fear,fear
1074_TIE_DIS_XX.wav,disgust,disgust
1035_TIE_ANG_XX.wav,angry,happy
YAF_cool_angry.wav,angry,angry
1068_ITS_ANG_XX.wav,angry,angry
1060_ITH_SAD_XX.wav,sad,neutral
1018_IWW_FEA_XX.wav,fear,fear
DC_n04.wav,neutral,neutral
YAF_voice_fear.wav,fear,fear
1067_MTI_FEA_XX.wav,fear,fear
1045_IEO_HAP_MD.wav,happy,disgust
1080_TIE_SAD_XX.wav,sad,sad
1078_TAI_HAP_XX.wav,happy,happy
1048_IOM_ANG_XX.wav,angry,angry
1050_IEO_HAP_MD.wav,happy,disgust
1007_ITS_ANG_XX.wav,angry,angry
1001_TSI_FEA_XX.wav,fear,happy
OAF_seize_sad.wav,sad,sad
1031_IEO_ANG_MD.wav,angry,happy
KL_n23.wav,neutral,neutral
1085_IEO_DIS_LO.wav,disgust,disgust
1070_IEO_SAD_MD.wav,sad,sad
JE_h13.wav,happy,fear
1055_IEO_NEU_XX.wav,neutral,neutral
1008_IEO_ANG_LO.wav,angry,angry
1055_ITS_ANG_XX.wav,angry,angry
1035_ITS_SAD_XX.wav,sad,disgust
1063_IEO_SAD_LO.wav,sad,sad
OAF_calm_ps.wav,surprise,surprise
1037_DFA_ANG_XX.wav,angry,angry
1026_IWW_FEA_XX.wav,fear,happy
1005_ITS_SAD_XX.wav,sad,sad
1012_ITS_DIS_XX.wav,disgust,disgust
OAF_chief_disgust.wav,disgust,disgust
OAF_beg_ps.wav,surprise,surprise
1073_IWL_SAD_XX.wav,sad,fear
1072_IEO_HAP_HI.wav,happy,happy
1017_DFA_DIS_XX.wav,disgust,disgust
1018_TIE_SAD_XX.wav,sad,sad
1014_MTI_NEU_XX.wav,neutral,neutral
1023_IEO_SAD_HI.wav,sad,sad
1076_WSI_HAP_XX.wav,happy,happy
OAF_note_fear.wav,fear,fear
YAF_ripe_disgust.wav,disgust,disgust
1048_IOM_HAP_XX.wav,happy,fear
1005_TIE_FEA_XX.wav,fear,angry
1074_ITS_ANG_XX.wav,angry,angry
YAF_goose_angry.wav,angry,neutral
1025_ITH_HAP_XX.wav,happy,happy
YAF_live_angry.wav,angry,angry
YAF_puff_neutral.wav,neutral,neutral
KL_su15.wav,surprise,disgust
1047_DFA_HAP_XX.wav,happy,happy
1021_ITH_SAD_XX.wav,sad,fear
1048_ITS_ANG_XX.wav,angry,angry
1006_ITH_DIS_XX.wav,disgust,sad
1075_WSI_SAD_XX.wav,sad,sad
1033_IOM_NEU_XX.wav,neutral,neutral
1079_TAI_ANG_XX.wav,angry,angry
YAF_week_ps.wav,surprise,surprise
1038_IOM_DIS_XX.wav,disgust,disgust
1072_MTI_ANG_XX.wav,angry,happy
1005_ITH_SAD_XX.wav,sad,neutral
1024_IWL_NEU_XX.wav,neutral,neutral
1091_ITS_FEA_XX.wav,fear,fear
1029_IEO_HAP_MD.wav,happy,happy
1059_IEO_NEU_XX.wav,neutral,disgust
YAF_red_happy.wav,happy,happy
1036_IEO_SAD_LO.wav,sad,sad
1087_TIE_HAP_XX.wav,happy,disgust
1074_ITH_FEA_XX.wav,fear,happy
OAF_boat_neutral.wav,neutral,neutral
YAF_chief_fear.wav,fear,fear
1084_IEO_FEA_LO.wav,fear,fear
YAF_bone_sad.wav,sad,neutral
1079_ITH_DIS_XX.wav,disgust,disgust
1045_DFA_DIS_XX.wav,disgust,sad
OAF_reach_angry.wav,angry,angry
YAF_dog_fear.wav,fear,fear
1072_IEO_FEA_LO.wav,fear,fear
1029_IEO_SAD_LO.wav,sad,fear
1078_IEO_DIS_MD.wav,disgust,happy
1037_IWL_HAP_XX.wav,happy,happy
1050_IOM_DIS_XX.wav,disgust,disgust
1060_ITH_NEU_XX.wav,neutral,disgust
1077_IWW_HAP_XX.wav,happy,happy
1030_IEO_HAP_MD.wav,happy,happy
1011_MTI_HAP_XX.wav,happy,sad
1010_IEO_HAP_MD.wav,happy,disgust
1027_TSI_ANG_XX.wav,angry,angry
1031_TSI_ANG_XX.wav,angry,neutral
OAF_wag_disgust.wav,disgust,disgust
1037_TIE_ANG_XX.wav,angry,angry
1032_ITH_FEA_XX.wav,fear,fear
DC_su06.wav,surprise,surprise
1063_MTI_DIS_XX.wav,disgust,disgust
1023_WSI_DIS_XX.wav,disgust,happy
1069_IEO_HAP_HI.wav,happy,angry
1021_TAI_DIS_XX.wav,disgust,disgust
1073_WSI_NEU_XX.wav,neutral,neutral
1066_WSI_ANG_XX.wav,angry,angry
OAF_week_fear.wav,fear,fear
1024_TSI_SAD_XX.wav,sad,sad
1047_MTI_SAD_XX.wav,sad,neutral
1039_DFA_FEA_XX.wav,fear,fear
1040_IOM_HAP_XX.wav,happy,happy
1034_IEO_DIS_LO.wav,disgust,sad
YAF_dodge_disgust.wav,disgust,disgust
1051_IEO_DIS_MD.wav,disgust,neutral
1041_WSI_NEU_XX.wav,neutral,neutral
1067_IOM_HAP_XX.wav,happy,fear
1007_IWW_DIS_XX.wav,disgust,disgust
YAF_team_ps.wav,surprise,surprise
1030_TIE_SAD_XX.wav,sad,sad
1057_IWL_NEU_XX.wav,neutral,neutral
OAF_cheek_fear.wav,fear,fear
KL_f03.wav,fear,fear
1086_TSI_ANG_XX.wav,angry,angry
OAF_chat_disgust.wav,disgust,disgust
1073_MTI_SAD_XX.wav,sad,neutral
YAF_lot_sad.wav,sad,sad
1025_IEO_ANG_MD.wav,angry,angry
1045_IEO_SAD_MD.wav,sad,sad
OAF_hush_happy.wav,happy,happy
1037_DFA_DIS_XX.wav,disgust,disgust
1054_IEO_ANG_MD.wav,angry,happy
OAF_make_fear.wav,fear,happy
OAF_ripe_sad.wav,sad,sad
OAF_mode_disgust.wav,disgust,disgust
1083_MTI_DIS_XX.wav,disgust,disgust
1086_ITS_HAP_XX.wav,happy,happy
1021_TIE_HAP_XX.wav,happy,happy
1052_IEO_FEA_MD.wav,fear,fear
YAF_laud_sad.wav,sad,sad
1015_TIE_SAD_XX.wav,sad,fear
1080_DFA_FEA_XX.wav,fear,fear
JK_n26.wav,neutral,neutral
YAF_hole_neutral.wav,neutral,neutral
YAF_mood_happy.wav,happy,angry
1050_IWL_ANG_XX.wav,angry,angry
1035_WSI_SAD_XX.wav,sad,disgust
1050_DFA_SAD_XX.wav,sad,disgust
OAF_life_sad.wav,sad,sad
YAF_book_disgust.wav,disgust,disgust
1091_WSI_ANG_XX.wav,angry,happy
1081_WSI_HAP_XX.wav,happy,happy
OAF_rain_sad.wav,sad,sad
1063_IWW_SAD_XX.wav,sad,fear
1033_MTI_SAD_XX.wav,sad,neutral
1009_IOM_NEU_XX.wav,neutral,angry
1027_ITS_ANG_XX.wav,angry,angry
1049_TIE_FEA_XX.wav,fear,sad
1079_MTI_ANG_XX.wav,angry,angry
YAF_ripe_happy.wav,happy,happy
1073_MTI_HAP_XX.wav,happy,angry
1016_TIE_ANG_XX.wav,angry,angry
1071_WSI_ANG_XX.wav,angry,angry
1047_ITH_NEU_XX.wav,neutral,neutral
1073_TSI_HAP_XX.wav,happy,happy
1054_IWW_SAD_XX.wav,sad,fear
OAF_fall_angry.wav,angry,angry
1017_IWL_ANG_XX.wav,angry,happy
1027_TIE_NEU_XX.wav,neutral,neutral
1053_ITH_DIS_XX.wav,disgust,disgust
YAF_back_ps.wav,surprise,surprise
1048_TSI_FEA_XX.wav,fear,fear
YAF_dog_ps.wav,surprise,surprise
YAF_such_sad.wav,sad,sad
1081_TAI_NEU_XX.wav,neutral,neutral
1058_IEO_SAD_LO.wav,sad,sad
1068_IEO_SAD_MD.wav,sad,sad
1037_MTI_FEA_XX.wav,fear,fear
1041_IEO_DIS_LO.wav,disgust,disgust
1047_ITH_FEA_XX.wav,fear,fear
OAF_wash_ps.wav,surprise,disgust
YAF_wife_disgust.wav,disgust,disgust
1032_IWL_ANG_XX.wav,angry,angry
1022_IWL_ANG_XX.wav,angry,angry
1017_ITH_HAP_XX.wav,happy,fear
1010_TIE_HAP_XX.wav,happy,disgust
1040_IEO_DIS_MD.wav,disgust,fear
1004_DFA_SAD_XX.wav,sad,fear
1013_TSI_FEA_XX.wav,fear,sad
OAF_pool_happy.wav,happy,happy
1090_IOM_FEA_XX.wav,fear,disgust
1069_IOM_HAP_XX.wav,happy,angry
1020_IOM_FEA_XX.wav,fear,sad
YAF_sail_happy.wav,happy,happy
OAF_burn_fear.wav,fear,fear
JE_f05.wav,fear,fear
1034_IWW_ANG_XX.wav,angry,angry
1003_IWL_SAD_XX.wav,sad,disgust
JE_h15.wav,happy,disgust
1050_ITH_NEU_XX.wav,neutral,happy
1065_IWW_SAD_XX.wav,sad,fear
1031_IEO_ANG_LO.wav,angry,angry
1025_TSI_ANG_XX.wav,angry,angry
1050_MTI_FEA_XX.wav,fear,disgust
OAF_pearl_neutral.wav,neutral,neutral
1089_TIE_NEU_XX.wav,neutral,fear
1072_IOM_HAP_XX.wav,happy,fear
1073_ITH_DIS_XX.wav,disgust,disgust
1032_MTI_HAP_XX.wav,happy,fear
1085_DFA_NEU_XX.wav,neutral,neutral
YAF_dodge_fear.wav,fear,fear
1043_IOM_SAD_XX.wav,sad,sad
1038_IWL_ANG_XX.wav,angry,happy
1086_MTI_SAD_XX.wav,sad,sad
1013_TIE_FEA_XX.wav,fear,fear
YAF_sub_happy.wav,happy,happy
1068_TIE_ANG_XX.wav,angry,angry
1005_IWW_FEA_XX.wav,fear,sad
1067_MTI_NEU_XX.wav,neutral,neutral
1027_MTI_ANG_XX.wav,angry,angry
1065_TAI_DIS_XX.wav,disgust,disgust
1087_TIE_SAD_XX.wav,sad,sad
1047_WSI_HAP_XX.wav,happy,happy
1063_DFA_FEA_XX.wav,fear,fear
1002_MTI_HAP_XX.wav,happy,happy
1006_DFA_ANG_XX.wav,angry,angry
DC_a05.wav,angry,neutral
1049_ITH_ANG_XX.wav,angry,angry
1022_IEO_FEA_HI.wav,fear,fear
OAF_shack_sad.wav,sad,sad
KL_sa13.wav,sad,sad
YAF_tough_disgust.wav,disgust,disgust
1028_ITS_ANG_XX.wav,angry,angry
1056_TSI_HAP_XX.wav,happy,happy
1021_IEO_SAD_HI.wav,sad,disgust
1024_IWL_SAD_XX.wav,sad,sad
1074_WSI_FEA_XX.wav,fear,disgust
1014_DFA_FEA_XX.wav,fear,fear
1070_IEO_FEA_HI.wav,fear,fear
1010_TIE_FEA_XX.wav,fear,fear
JK_sa05.wav,sad,sad
1060_IOM_DIS_XX.wav,disgust,sad
1066_MTI_DIS_XX.wav,disgust,sad
YAF_wife_neutral.wav,neutral,neutral
1030_IEO_SAD_HI.wav,sad,disgust
1018_DFA_ANG_XX.wav,angry,angry
1038_TSI_HAP_XX.wav,happy,fear
1029_MTI_HAP_XX.wav,happy,happy
1058_DFA_DIS_XX.wav,disgust,disgust
OAF_mouse_disgust.wav,disgust,happy
1015_TSI_NEU_XX.wav,neutral,neutral
1039_ITS_ANG_XX.wav,angry,angry
1041_IWW_DIS_XX.wav,disgust,sad
1034_TSI_NEU_XX.wav,neutral,neutral
1013_WSI_ANG_XX.wav,angry,angry
OAF_hash_happy.wav,happy,happy
1078_TIE_NEU_XX.wav,neutral,neutral
1046_IEO_SAD_MD.wav,sad,sad
1003_TAI_FEA_XX.wav,fear,sad
1046_IEO_HAP_MD.wav,happy,disgust
YAF_knock_neutral.wav,neutral,neutral
1052_IWL_NEU_XX.wav,neutral,neutral
1061_DFA_NEU_XX.wav,neutral,neutral
1057_IOM_SAD_XX.wav,sad,sad
1057_MTI_HAP_XX.wav,happy,fear
1062_ITH_ANG_XX.wav,angry,angry
1069_WSI_ANG_XX.wav,angry,angry
YAF_hole_disgust.wav,disgust,angry
1018_MTI_DIS_XX.wav,disgust,sad
1028_WSI_ANG_XX.wav,angry,angry
YAF_rough_neutral.wav,neutral,neutral
1079_MTI_SAD_XX.wav,sad,happy
1024_IOM_DIS_XX.wav,disgust,disgust
JE_f06.wav,fear,fear
1053_DFA_DIS_XX.wav,disgust,disgust
1073_IWL_HAP_XX.wav,happy,angry
DC_h02.wav,happy,happy
1036_TAI_NEU_XX.wav,neutral,angry
1036_IEO_HAP_LO.wav,happy,fear
1080_ITS_NEU_XX.wav,neutral,neutral
OAF_young_neutral.wav,neutral,neutral
1002_ITH_HAP_XX.wav,happy,happy
1091_TIE_HAP_XX.wav,happy,neutral
1043_IEO_SAD_MD.wav,sad,happy
1086_IWW_HAP_XX.wav,happy,happy
1037_IOM_DIS_XX.wav,disgust,sad
1045_IWW_SAD_XX.wav,sad,sad
1084_TSI_DIS_XX.wav,disgust,disgust
1076_MTI_FEA_XX.wav,fear,fear
1039_DFA_HAP_XX.wav,happy,happy
1078_TSI_ANG_XX.wav,angry,angry
1025_IEO_DIS_HI.wav,disgust,disgust
1076_ITS_DIS_XX.wav,disgust,neutral
OAF_voice_ps.wav,surprise,surprise
1043_IWL_HAP_XX.wav,happy,happy
1061_ITS_DIS_XX.wav,disgust,disgust
1054_DFA_ANG_XX.wav,angry,fear
1091_IWL_ANG_XX.wav,angry,neutral
1046_ITS_FEA_XX.wav,fear,fear
1082_IWW_DIS_XX.wav,disgust,fear
1062_DFA_SAD_XX.wav,sad,sad
1037_IEO_HAP_HI.wav,happy,happy
OAF_lose_happy.wav,happy,happy
1003_IEO_DIS_MD.wav,disgust,disgust
1020_IEO_SAD_LO.wav,sad,sad
1008_ITS_HAP_XX.wav,happy,happy
1089_TAI_HAP_XX.wav,happy,happy
1024_IEO_SAD_LO.wav,sad,disgust
1090_IEO_DIS_HI.wav,disgust,disgust
YAF_base_happy.wav,happy,happy
1040_DFA_ANG_XX.wav,angry,angry
1010_IEO_SAD_MD.wav,sad,sad
1077_WSI_DIS_XX.wav,disgust,disgust
JK_h13.wav,happy,happy
YAF_bone_happy.wav,happy,happy
1079_TSI_HAP_XX.wav,happy,happy
1074_IEO_DIS_MD.wav,disgust,angry
1025_ITS_HAP_XX.wav,happy,sad
1091_IEO_SAD_LO.wav,sad,sad
1036_IWW_NEU_XX.wav,neutral,sad
1082_DFA_NEU_XX.wav,neutral,neutral
YAF_numb_sad.wav,sad,sad
1040_WSI_HAP_XX.wav,happy,happy
YAF_tire_sad.wav,sad,sad
1090_IEO_HAP_MD.wav,happy,happy
1049_IEO_ANG_MD.wav,angry,angry
OAF_rat_neutral.wav,neutral,neutral
1064_IEO_DIS_HI.wav,disgust,disgust
1067_IWL_DIS_XX.wav,disgust,disgust
1089_IEO_DIS_LO.wav,disgust,disgust
OAF_cab_sad.wav,sad,sad
1040_WSI_NEU_XX.wav,neutral,neutral
1014_TIE_FEA_XX.wav,fear,fear
1046_ITH_NEU_XX.wav,neutral,neutral
1042_IEO_SAD_MD.wav,sad,fear
1004_MTI_DIS_XX.wav,disgust,disgust
1082_ITH_DIS_XX.wav,disgust,angry
1005_DFA_NEU_XX.wav,neutral,neutral
1023_IWW_FEA_XX.wav,fear,fear
1021_ITS_FEA_XX.wav,fear,sad
1051_ITS_HAP_XX.wav,happy,angry
1026_DFA_SAD_XX.wav,sad,fear
1002_DFA_HAP_XX.wav,happy,fear
1034_DFA_FEA_XX.wav,fear,happy
1075_DFA_SAD_XX.wav,sad,fear
1047_MTI_DIS_XX.wav,disgust,disgust
1062_ITH_DIS_XX.wav,disgust,disgust
1025_DFA_ANG_XX.wav,angry,angry
1091_ITH_FEA_XX.wav,fear,fear
1061_MTI_FEA_XX.wav,fear,fear
1080_IWW_FEA_XX.wav,fear,fear
OAF_red_angry.wav,angry,angry
1035_IEO_FEA_LO.wav,fear,disgust
YAF_pick_angry.wav,angry,angry
OAF_loaf_sad.wav,sad,sad
1043_IWW_NEU_XX.wav,neutral,neutral
1077_TIE_FEA_XX.wav,fear,disgust
1052_TIE_ANG_XX.wav,angry,angry
OAF_loaf_happy.wav,happy,happy
1016_IOM_ANG_XX.wav,angry,angry
1019_TAI_DIS_XX.wav,disgust,disgust
1042_MTI_SAD_XX.wav,sad,neutral
1088_ITS_NEU_XX.wav,neutral,neutral
1065_TSI_HAP_XX.wav,happy,fear
1047_IOM_SAD_XX.wav,sad,sad
1057_TSI_NEU_XX.wav,neutral,angry
YAF_turn_disgust.wav,disgust,disgust
OAF_fall_neutral.wav,neutral,neutral
YAF_rose_ps.wav,surprise,surprise
1075_TAI_DIS_XX.wav,disgust,sad
YAF_nice_happy.wav,happy,happy
YAF_rose_happy.wav,happy,happy
JE_a12.wav,angry,angry
1043_TSI_HAP_XX.wav,happy,fear
1002_WSI_DIS_XX.wav,disgust,happy
1037_IEO_SAD_HI.wav,sad,sad
1085_DFA_FEA_XX.wav,fear,sad
YAF_chain_neutral.wav,neutral,neutral
1019_DFA_HAP_XX.wav,happy,disgust
OAF_lore_angry.wav,angry,angry
1076_TIE_HAP_XX.wav,happy,disgust
OAF_pick_neutral.wav,neutral,neutral
1046_IEO_ANG_HI.wav,angry,angry
YAF_tool_happy.wav,happy,happy
OAF_choice_angry.wav,angry,happy
1019_IWW_SAD_XX.wav,sad,disgust
1013_IEO_HAP_LO.wav,happy,fear
1032_IEO_ANG_LO.wav,angry,angry
1004_IEO_FEA_MD.wav,fear,disgust
1083_IEO_NEU_XX.wav,neutral,neutral
1082_MTI_NEU_XX.wav,neutral,neutral
1013_MTI_ANG_XX.wav,angry,angry
YAF_keen_disgust.wav,disgust,disgust
1075_IWW_DIS_XX.wav,disgust,sad
1059_MTI_NEU_XX.wav,neutral,neutral
1031_WSI_FEA_XX.wav,fear,happy
1007_ITS_SAD_XX.wav,sad,sad
1074_MTI_HAP_XX.wav,happy,happy
1056_IEO_DIS_LO.wav,disgust,angry
1076_IEO_SAD_HI.wav,sad,disgust
1065_TSI_NEU_XX.wav,neutral,neutral
YAF_hole_fear.wav,fear,fear
1047_IWW_FEA_XX.wav,fear,fear
1067_IEO_NEU_XX.wav,neutral,fear
1066_IWW_NEU_XX.wav,neutral,neutral
1044_IEO_NEU_XX.wav,neutral,angry
1028_IWL_HAP_XX.wav,happy,fear
OAF_thought_neutral.wav,neutral,neutral
1075_TSI_SAD_XX.wav,sad,sad
YAF_raise_neutral.wav,neutral,neutral
1038_WSI_NEU_XX.wav,neutral,neutral
YAF_road_neutral.wav,neutral,neutral
1021_IEO_DIS_LO.wav,disgust,disgust
YAF_when_angry.wav,angry,angry
KL_a02.wav,angry,neutral
1036_ITS_NEU_XX.wav,neutral,disgust
1066_IWL_ANG_XX.wav,angry,angry
YAF_goal_disgust.wav,disgust,disgust
1007_IEO_FEA_MD.wav,fear,angry
1001_TIE_SAD_XX.wav,sad,fear
1071_IWW_DIS_XX.wav,disgust,sad
1073_IOM_NEU_XX.wav,neutral,happy
1048_ITS_FEA_XX.wav,fear,fear
1067_ITS_FEA_XX.wav,fear,disgust
1088_MTI_DIS_XX.wav,disgust,disgust
YAF_white_disgust.wav,disgust,disgust
YAF_rough_angry.wav,angry,disgust
1090_IWL_FEA_XX.wav,fear,disgust
1040_TSI_FEA_XX.wav,fear,fear
1066_TIE_HAP_XX.wav,happy,happy
OAF_white_disgust.wav,disgust,disgust
1057_IEO_HAP_MD.wav,happy,fear
KL_n17.wav,neutral,neutral
1061_IWL_DIS_XX.wav,disgust,disgust
1009_TIE_HAP_XX.wav,happy,fear
1006_DFA_HAP_XX.wav,happy,happy
1058_IEO_DIS_LO.wav,disgust,disgust
1091_TAI_SAD_XX.wav,sad,fear
YAF_far_neutral.wav,neutral,neutral
1019_IWW_NEU_XX.wav,neutral,neutral
1043_IEO_ANG_HI.wav,angry,angry
1025_IWW_ANG_XX.wav,angry,angry
1033_DFA_HAP_XX.wav,happy,happy
OAF_should_disgust.wav,disgust,surprise
OAF_vine_disgust.wav,disgust,happy
1088_TSI_HAP_XX.wav,happy,fear
1069_IEO_SAD_LO.wav,sad,fear
1061_TSI_DIS_XX.wav,disgust,disgust
1091_IEO_HAP_MD.wav,happy,angry
1022_TIE_DIS_XX.wav,disgust,angry
OAF_chief_fear.wav,fear,fear
YAF_ton_sad.wav,sad,neutral
1038_IEO_SAD_MD.wav,sad,sad
1054_TIE_DIS_XX.wav,disgust,disgust
1011_TSI_ANG_XX.wav,angry,angry
1016_IWL_FEA_XX.wav,fear,fear
1064_DFA_NEU_XX.wav,neutral,neutral
1008_ITS_SAD_XX.wav,sad,angry
OAF_hate_neutral.wav,neutral,neutral
1041_TAI_SAD_XX.wav,sad,sad
1030_IWW_FEA_XX.wav,fear,disgust
1076_ITH_ANG_XX.wav,angry,angry
1006_IEO_ANG_LO.wav,angry,angry
1001_DFA_ANG_XX.wav,angry,angry
JK_n15.wav,neutral,neutral
KL_f06.wav,fear,angry
1056_IOM_SAD_XX.wav,sad,neutral
1004_MTI_ANG_XX.wav,angry,happy
YAF_five_disgust.wav,disgust,disgust
1071_TIE_SAD_XX.wav,sad,fear
JK_n16.wav,neutral,neutral
1078_DFA_HAP_XX.wav,happy,happy
DC_n22.wav,neutral,neutral
1015_TAI_ANG_XX.wav,angry,angry
OAF_date_fear.wav,fear,fear
1081_MTI_DIS_XX.wav,disgust,disgust
1028_TAI_DIS_XX.wav,disgust,disgust
OAF_witch_disgust.wav,disgust,disgust
1061_IEO_SAD_MD.wav,sad,sad
1080_IWL_HAP_XX.wav,happy,happy
1063_MTI_NEU_XX.wav,neutral,neutral
1084_IEO_FEA_MD.wav,fear,sad
1084_IWL_DIS_XX.wav,disgust,disgust
1056_TAI_ANG_XX.wav,angry,angry
1019_TIE_ANG_XX.wav,angry,angry
OAF_late_neutral.wav,neutral,neutral
YAF_thought_neutral.wav,neutral,neutral
1033_TSI_SAD_XX.wav,sad,fear
YAF_dab_sad.wav,sad,sad
YAF_have_ps.wav,surprise,surprise
1063_ITH_FEA_XX.wav,fear,fear
1026_IEO_SAD_HI.wav,sad,disgust
1046_IEO_HAP_HI.wav,happy,fear
OAF_home_angry.wav,angry,angry
1082_MTI_HAP_XX.wav,happy,happy
YAF_came_happy.wav,happy,happy
1039_ITH_FEA_XX.wav,fear,fear
1011_DFA_DIS_XX.wav,disgust,sad
1090_WSI_ANG_XX.wav,angry,angry
1021_TIE_DIS_XX.wav,disgust,disgust
YAF_turn_fear.wav,fear,fear
1033_WSI_HAP_XX.wav,happy,happy
1055_IWW_HAP_XX.wav,happy,happy
1083_IEO_FEA_HI.wav,fear,fear
1007_IEO_SAD_HI.wav,sad,sad
1053_DFA_ANG_XX.wav,angry,angry
JE_f08.wav,fear,fear
1039_ITS_FEA_XX.wav,fear,fear
1048_IWL_DIS_XX.wav,disgust,disgust
1006_MTI_FEA_XX.wav,fear,disgust
KL_su10.wav,surprise,surprise
1043_ITH_HAP_XX.wav,happy,happy
1055_IWW_DIS_XX.wav,disgust,sad
1007_TAI_SAD_XX.wav,sad,sad
1081_IWW_NEU_XX.wav,neutral,neutral
1024_MTI_ANG_XX.wav,angry,happy
1085_WSI_DIS_XX.wav,disgust,disgust
YAF_read_neutral.wav,neutral,neutral
1048_IEO_ANG_MD.wav,angry,angry
OAF_make_angry.wav,angry,angry
1061_TAI_HAP_XX.wav,happy,happy
1064_IEO_NEU_XX.wav,neutral,sad
1019_TSI_DIS_XX.wav,disgust,disgust
1055_TAI_HAP_XX.wav,happy,happy
YAF_mess_disgust.wav,disgust,happy
YAF_lore_sad.wav,sad,sad
OAF_wag_sad.wav,sad,sad
1020_TAI_NEU_XX.wav,neutral,disgust
YAF_hush_ps.wav,surprise,surprise
1009_IEO_FEA_MD.wav,fear,angry
1033_MTI_NEU_XX.wav,neutral,neutral
1032_IWW_NEU_XX.wav,neutral,angry
1039_IEO_HAP_HI.wav,happy,fear
1021_DFA_DIS_XX.wav,disgust,disgust
1059_IWL_FEA_XX.wav,fear,fear
1074_ITH_NEU_XX.wav,neutral,neutral
OAF_phone_happy.wav,happy,happy
YAF_burn_ps.wav,surprise,surprise
1027_IWW_SAD_XX.wav,sad,sad
OAF_sour_neutral.wav,neutral,neutral
KL_sa07.wav,sad,sad
1068_IWL_ANG_XX.wav,angry,angry
1031_IOM_FEA_XX.wav,fear,fear
OAF_sure_angry.wav,angry,angry
1072_ITS_FEA_XX.wav,fear,fear
1045_DFA_NEU_XX.wav,neutral,neutral
OAF_dab_disgust.wav,disgust,disgust
1090_IWW_ANG_XX.wav,angry,angry
OAF_gas_happy.wav,happy,happy
KL_n08.wav,neutral,neutral
YAF_chalk_ps.wav,surprise,surprise
1077_ITS_ANG_XX.wav,angry,angry
1086_TSI_SAD_XX.wav,sad,disgust
OAF_page_ps.wav,surprise,surprise
YAF_mood_disgust.wav,disgust,disgust
1019_TAI_SAD_XX.wav,sad,fear
1084_ITH_HAP_XX.wav,happy,happy
1054_ITS_ANG_XX.wav,angry,angry
JE_a03.wav,angry,disgust
1061_TIE_HAP_XX.wav,happy,happy
OAF_jail_sad.wav,sad,sad
YAF_voice_neutral.wav,neutral,neutral
YAF_thumb_happy.wav,happy,happy
1032_ITS_FEA_XX.wav,fear,fear
1051_TSI_DIS_XX.wav,disgust,disgust
1039_TSI_NEU_XX.wav,neutral,neutral
1043_TAI_ANG_XX.wav,angry,angry
1057_IEO_SAD_LO.wav,sad,sad
1011_MTI_FEA_XX.wav,fear,disgust
1020_ITS_DIS_XX.wav,disgust,disgust
1088_IEO_HAP_LO.wav,happy,happy
1057_ITS_HAP_XX.wav,happy,fear
1038_ITH_DIS_XX.wav,disgust,disgust
YAF_king_ps.wav,surprise,surprise
1031_ITS_FEA_XX.wav,fear,fear
1044_MTI_DIS_XX.wav,disgust,disgust
1031_ITS_HAP_XX.wav,happy,neutral
YAF_void_disgust.wav,disgust,disgust
OAF_boat_happy.wav,happy,happy
1034_IWW_HAP_XX.wav,happy,fear
1011_WSI_FEA_XX.wav,fear,fear
1020_TIE_NEU_XX.wav,neutral,sad
1091_WSI_FEA_XX.wav,fear,fear
1081_IWW_FEA_XX.wav,fear,happy
1036_DFA_SAD_XX.wav,sad,fear
1078_MTI_HAP_XX.wav,happy,fear
1089_TSI_NEU_XX.wav,neutral,neutral
1075_TAI_SAD_XX.wav,sad,sad
1047_IEO_SAD_HI.wav,sad,sad
1043_IEO_NEU_XX.wav,neutral,neutral
1003_IWW_DIS_XX.wav,disgust,sad
1025_IOM_DIS_XX.wav,disgust,disgust
OAF_search_fear.wav,fear,fear
JE_su09.wav,surprise,surprise
1052_IEO_FEA_HI.wav,fear,fear
OAF_dead_neutral.wav,neutral,neutral
1084_IEO_ANG_MD.wav,angry,angry
YAF_far_ps.wav,surprise,surprise
1064_TIE_FEA_XX.wav,fear,fear
OAF_mood_neutral.wav,neutral,neutral
1042_IOM_FEA_XX.wav,fear,fear
1091_IOM_SAD_XX.wav,sad,happy
1072_MTI_DIS_XX.wav,disgust,disgust
OAF_week_neutral.wav,neutral,neutral
1008_ITS_ANG_XX.wav,angry,angry
1089_IWW_NEU_XX.wav,neutral,neutral
1023_ITS_DIS_XX.wav,disgust,angry
1052_ITH_SAD_XX.wav,sad,sad
1014_TIE_HAP_XX.wav,happy,happy
JE_sa02.wav,sad,surprise
1038_IEO_DIS_LO.wav,disgust,disgust
1025_IEO_SAD_LO.wav,sad,sad
1014_IWL_DIS_XX.wav,disgust,disgust
1009_TSI_ANG_XX.wav,angry,angry
1070_DFA_NEU_XX.wav,neutral,angry
1062_TIE_FEA_XX.wav,fear,sad
1020_TSI_DIS_XX.wav,disgust,disgust
1069_IWW_HAP_XX.wav,happy,happy
1025_WSI_DIS_XX.wav,disgust,sad
1072_WSI_HAP_XX.wav,happy,happy
OAF_mood_angry.wav,angry,angry
YAF_numb_neutral.wav,neutral,neutral
1044_IEO_HAP_HI.wav,happy,disgust
YAF_thumb_disgust.wav,disgust,disgust
1083_ITS_ANG_XX.wav,angry,angry
1056_IOM_NEU_XX.wav,neutral,disgust
OAF_perch_neutral.wav,neutral,neutral
1032_IEO_ANG_HI.wav,angry,angry
1058_TSI_SAD_XX.wav,sad,disgust
YAF_jar_sad.wav,sad,sad
1005_ITH_ANG_XX.wav,angry,angry
YAF_base_sad.wav,sad,sad
1049_TAI_SAD_XX.wav,sad,neutral
1054_MTI_SAD_XX.wav,sad,fear
OAF_fat_sad.wav,sad,disgust
1066_IOM_ANG_XX.wav,angry,happy
1083_IWL_SAD_XX.wav,sad,sad
1090_ITS_DIS_XX.wav,disgust,disgust
1023_IEO_DIS_MD.wav,disgust,happy
1076_ITH_NEU_XX.wav,neutral,neutral
KL_su08.wav,surprise,surprise
1051_DFA_HAP_XX.wav,happy,angry
1060_TSI_HAP_XX.wav,happy,happy
1021_MTI_HAP_XX.wav,happy,disgust
1002_TIE_DIS_XX.wav,disgust,fear
1012_IOM_SAD_XX.wav,sad,fear
1031_IEO_FEA_LO.wav,fear,disgust
1013_TIE_DIS_XX.wav,disgust,disgust
YAF_neat_sad.wav,sad,sad
1053_IEO_DIS_LO.wav,disgust,fear
1011_IOM_DIS_XX.wav,disgust,sad
1078_IEO_ANG_HI.wav,angry,angry
1022_ITS_SAD_XX.wav,sad,sad
1029_TAI_SAD_XX.wav,sad,happy
1058_MTI_SAD_XX.wav,sad,sad
1044_IOM_NEU_XX.wav,neutral,neutral
1041_TAI_NEU_XX.wav,neutral,neutral
1077_ITS_SAD_XX.wav,sad,neutral
1007_IEO_ANG_HI.wav,angry,angry
YAF_which_neutral.wav,neutral,neutral
1063_IEO_DIS_HI.wav,disgust,disgust
YAF_such_happy.wav,happy,happy
1027_IOM_ANG_XX.wav,angry,angry
1055_WSI_HAP_XX.wav,happy,happy
OAF_lid_happy.wav,happy,happy
1046_MTI_FEA_XX.wav,fear,fear
DC_a13.wav,angry,angry
1091_DFA_HAP_XX.wav,happy,happy
1022_IWL_FEA_XX.wav,fear,happy
OAF_join_happy.wav,happy,happy
1059_IWW_NEU_XX.wav,neutral,disgust
1041_IEO_FEA_LO.wav,fear,sad
1066_IWW_ANG_XX.wav,angry,angry
1011_IOM_HAP_XX.wav,happy,happy
YAF_yearn_angry.wav,angry,angry
1037_TAI_SAD_XX.wav,sad,sad
YAF_size_disgust.wav,disgust,disgust
1065_ITH_FEA_XX.wav,fear,happy
1017_IEO_FEA_HI.wav,fear,disgust
DC_d14.wav,disgust,disgust
1087_TSI_HAP_XX.wav,happy,fear
1012_IWL_NEU_XX.wav,neutral,neutral
1058_ITH_ANG_XX.wav,angry,angry
1040_IWL_DIS_XX.wav,disgust,disgust
1031_IEO_SAD_MD.wav,sad,fear
1083_TAI_NEU_XX.wav,neutral,happy
OAF_reach_fear.wav,fear,fear
OAF_said_disgust.wav,disgust,disgust
1070_IWL_DIS_XX.wav,disgust,angry
1001_IEO_DIS_MD.wav,disgust,happy
1071_ITS_SAD_XX.wav,sad,sad
1024_TAI_NEU_XX.wav,neutral,neutral
YAF_far_disgust.wav,disgust,disgust
1013_TIE_ANG_XX.wav,angry,angry
1053_IWL_DIS_XX.wav,disgust,angry
1070_IEO_FEA_MD.wav,fear,fear
1049_IWW_NEU_XX.wav,neutral,neutral
1059_ITS_SAD_XX.wav,sad,neutral
1002_TAI_ANG_XX.wav,angry,fear
OAF_rose_ps.wav,surprise,surprise
1030_IEO_FEA_LO.wav,fear,happy
1034_ITH_DIS_XX.wav,disgust,angry
YAF_judge_disgust.wav,disgust,disgust
1038_DFA_NEU_XX.wav,neutral,neutral
1019_ITS_NEU_XX.wav,neutral,neutral
JE_f12.wav,fear,fear
JK_su14.wav,surprise,surprise
1062_TAI_DIS_XX.wav,disgust,disgust
YAF_lean_disgust.wav,disgust,disgust
1002_DFA_SAD_XX.wav,sad,fear
OAF_kite_fear.wav,fear,fear
1084_IWW_ANG_XX.wav,angry,angry
YAF_rag_fear.wav,fear,fear
1049_TIE_NEU_XX.wav,neutral,neutral
YAF_haze_angry.wav,angry,angry
1062_IWL_ANG_XX.wav,angry,angry
OAF_jail_fear.wav,fear,fear
YAF_puff_disgust.wav,disgust,disgust
1035_DFA_DIS_XX.wav,disgust,disgust
1045_IEO_HAP_HI.wav,happy,angry
YAF_read_ps.wav,surprise,surprise
YAF_learn_angry.wav,angry,angry
1019_TIE_FEA_XX.wav,fear,sad
1022_TAI_ANG_XX.wav,angry,angry
1072_TAI_NEU_XX.wav,neutral,neutral
YAF_pool_ps.wav,surprise,surprise
1048_TAI_SAD_XX.wav,sad,sad
1011_ITS_DIS_XX.wav,disgust,disgust
1048_WSI_ANG_XX.wav,angry,disgust
1049_TSI_SAD_XX.wav,sad,sad
1015_TAI_NEU_XX.wav,neutral,disgust
1048_IWW_FEA_XX.wav,fear,sad
1043_TSI_FEA_XX.wav,fear,angry
1049_TSI_DIS_XX.wav,disgust,disgust
OAF_mess_neutral.wav,neutral,neutral
1047_TSI_FEA_XX.wav,fear,happy
1090_DFA_SAD_XX.wav,sad,neutral
YAF_hire_fear.wav,fear,fear
KL_h03.wav,happy,surprise
1032_TAI_SAD_XX.wav,sad,sad
OAF_said_angry.wav,angry,angry
YAF_shall_disgust.wav,disgust,disgust
YAF_take_disgust.wav,disgust,disgust
1018_IEO_SAD_LO.wav,sad,fear
1056_MTI_HAP_XX.wav,happy,happy
YAF_ripe_neutral.wav,neutral,neutral
1023_IEO_FEA_MD.wav,fear,fear
1068_IEO_ANG_HI.wav,angry,angry
1090_DFA_DIS_XX.wav,disgust,angry
YAF_deep_fear.wav,fear,fear
1017_IEO_DIS_LO.wav,disgust,disgust
1030_MTI_SAD_XX.wav,sad,sad
1028_ITH_DIS_XX.wav,disgust,disgust
1054_IEO_FEA_HI.wav,fear,fear
1068_IEO_HAP_MD.wav,happy,happy
1064_WSI_ANG_XX.wav,angry,angry
1068_DFA_NEU_XX.wav,neutral,neutral
1087_IWL_ANG_XX.wav,angry,angry
1009_IWW_DIS_XX.wav,disgust,fear
JK_a04.wav,angry,happy
1088_IEO_FEA_MD.wav,fear,sad
OAF_tire_angry.wav,angry,neutral
OAF_dime_ps.wav,surprise,surprise
1038_IEO_NEU_XX.wav,neutral,happy
1016_WSI_ANG_XX.wav,angry,disgust
1081_IEO_FEA_LO.wav,fear,disgust
1047_TIE_NEU_XX.wav,neutral,fear
1006_IEO_NEU_XX.wav,neutral,happy
YAF_road_ps.wav,surprise,surprise
1042_ITH_NEU_XX.wav,neutral,neutral
1011_IWW_FEA_XX.wav,fear,fear
1007_IWW_FEA_XX.wav,fear,fear
1013_IWL_HAP_XX.wav,happy,happy
1007_DFA_SAD_XX.wav,sad,sad
1011_MTI_NEU_XX.wav,neutral,neutral
DC_f14.wav,fear,fear
1074_TIE_SAD_XX.wav,sad,sad
1010_DFA_ANG_XX.wav,angry,angry
1018_IOM_ANG_XX.wav,angry,angry
1064_DFA_HAP_XX.wav,happy,happy
1089_WSI_HAP_XX.wav,happy,happy
1006_IWL_NEU_XX.wav,neutral,fear
OAF_food_ps.wav,surprise,surprise
OAF_hit_happy.wav,happy,happy
YAF_ditch_sad.wav,sad,sad
1063_WSI_DIS_XX.wav,disgust,disgust
1071_IWW_ANG_XX.wav,angry,angry
1069_DFA_ANG_XX.wav,angry,angry
OAF_rain_angry.wav,angry,angry
1001_WSI_ANG_XX.wav,angry,angry
1011_ITS_FEA_XX.wav,fear,happy
1039_IWL_SAD_XX.wav,sad,sad
1064_IEO_HAP_HI.wav,happy,fear
1010_TIE_NEU_XX.wav,neutral,fear
1043_ITS_SAD_XX.wav,sad,neutral
1073_TAI_HAP_XX.wav,happy,happy
1041_ITS_NEU_XX.wav,neutral,neutral
1035_ITS_FEA_XX.wav,fear,fear
1037_DFA_SAD_XX.wav,sad,sad
OAF_shall_sad.wav,sad,sad
1014_ITS_HAP_XX.wav,happy,disgust
YAF_south_happy.wav,happy,happy
OAF_germ_neutral.wav,neutral,neutral
1020_ITH_HAP_XX.wav,happy,happy
1074_IEO_FEA_HI.wav,fear,fear
KL_f07.wav,fear,fear
1076_IWW_HAP_XX.wav,happy,angry
1043_IEO_SAD_LO.wav,sad,sad
YAF_shout_ps.wav,surprise,surprise
1038_IWW_DIS_XX.wav,disgust,disgust
KL_f13.wav,fear,sad
1072_IWW_FEA_XX.wav,fear,fear
YAF_came_fear.wav,fear,neutral
1004_IWL_FEA_XX.wav,fear,sad
1022_TIE_NEU_XX.wav,neutral,neutral
1068_TIE_FEA_XX.wav,fear,fear
1071_ITS_ANG_XX.wav,angry,angry
1005_IEO_FEA_LO.wav,fear,disgust
1069_TAI_FEA_XX.wav,fear,fear
1078_IWL_SAD_XX.wav,sad,disgust
1066_IEO_NEU_XX.wav,neutral,happy
1009_ITH_DIS_XX.wav,disgust,sad
1055_IEO_SAD_HI.wav,sad,fear
1078_IEO_ANG_MD.wav,angry,angry
1046_ITS_HAP_XX.wav,happy,happy
1020_ITH_ANG_XX.wav,angry,angry
1062_DFA_HAP_XX.wav,happy,happy
OAF_limb_sad.wav,sad,sad
1068_TAI_ANG_XX.wav,angry,angry
1056_DFA_FEA_XX.wav,fear,fear
1091_MTI_SAD_XX.wav,sad,sad
1053_IOM_HAP_XX.wav,happy,happy
1054_TIE_NEU_XX.wav,neutral,fear
1010_IEO_ANG_HI.wav,angry,angry
1052_IEO_DIS_LO.wav,disgust,fear
OAF_ditch_neutral.wav,neutral,neutral
1004_MTI_NEU_XX.wav,neutral,neutral
DC_a14.wav,angry,angry
1074_TSI_HAP_XX.wav,happy,angry
1058_TAI_FEA_XX.wav,fear,fear
1016_TIE_HAP_XX.wav,happy,happy
OAF_sub_sad.wav,sad,neutral
1090_TSI_FEA_XX.wav,fear,fear
1023_DFA_NEU_XX.wav,neutral,neutral
1016_TSI_ANG_XX.wav,angry,angry
JE_h03.wav,happy,disgust
1083_TAI_DIS_XX.wav,disgust,disgust
1022_IEO_DIS_HI.wav,disgust,disgust
YAF_soup_ps.wav,surprise,surprise
1091_IEO_FEA_MD.wav,fear,fear
1005_IWL_NEU_XX.wav,neutral,neutral
1090_WSI_FEA_XX.wav,fear,sad
YAF_witch_ps.wav,surprise,surprise
1057_DFA_DIS_XX.wav,disgust,disgust
1059_ITS_HAP_XX.wav,happy,angry
1045_TIE_DIS_XX.wav,disgust,sad
1047_IEO_DIS_MD.wav,disgust,sad
1013_IEO_DIS_LO.wav,disgust,disgust
1007_IOM_ANG_XX.wav,angry,angry
1018_WSI_DIS_XX.wav,disgust,disgust
YAF_third_ps.wav,surprise,surprise
OAF_hole_sad.wav,sad,sad
OAF_hit_ps.wav,surprise,surprise
JK_f10.wav,fear,angry
OAF_lose_fear.wav,fear,fear
1049_TAI_ANG_XX.wav,angry,angry
1085_ITH_NEU_XX.wav,neutral,neutral
DC_a06.wav,angry,fear
1031_ITS_DIS_XX.wav,disgust,neutral
1047_MTI_NEU_XX.wav,neutral,neutral
OAF_far_happy.wav,happy,happy
1037_TAI_NEU_XX.wav,neutral,neutral
OAF_fall_ps.wav,surprise,happy
OAF_pearl_disgust.wav,disgust,disgust
1013_WSI_HAP_XX.wav,happy,fear
1033_IWW_FEA_XX.wav,fear,fear
1068_TSI_NEU_XX.wav,neutral,neutral
YAF_cool_neutral.wav,neutral,neutral
YAF_kill_angry.wav,angry,angry
YAF_gas_neutral.wav,neutral,neutral
1016_ITH_NEU_XX.wav,neutral,neutral
1082_TAI_SAD_XX.wav,sad,neutral
YAF_wheat_fear.wav,fear,fear
1025_IWW_NEU_XX.wav,neutral,neutral
1024_IEO_FEA_HI.wav,fear,fear
OAF_germ_happy.wav,happy,happy
DC_d05.wav,disgust,disgust
1047_TIE_DIS_XX.wav,disgust,disgust
1008_MTI_HAP_XX.wav,happy,happy
1031_IEO_DIS_MD.wav,disgust,fear
1089_IOM_NEU_XX.wav,neutral,neutral
YAF_sail_sad.wav,sad,fear
OAF_lean_angry.wav,angry,angry
1070_WSI_FEA_XX.wav,fear,disgust
1017_WSI_FEA_XX.wav,fear,fear
1003_ITH_NEU_XX.wav,neutral,neutral
1055_ITS_FEA_XX.wav,fear,fear
1066_WSI_NEU_XX.wav,neutral,happy
YAF_gun_disgust.wav,disgust,disgust
OAF_yes_disgust.wav,disgust,disgust
YAF_mob_happy.wav,happy,happy
1079_MTI_FEA_XX.wav,fear,fear
1070_DFA_DIS_XX.wav,disgust,disgust
YAF_puff_angry.wav,angry,angry
OAF_date_sad.wav,sad,sad
1048_MTI_FEA_XX.wav,fear,sad
YAF_road_angry.wav,angry,angry
1076_IOM_HAP_XX.wav,happy,happy
1064_TAI_NEU_XX.wav,neutral,neutral
1001_IEO_SAD_MD.wav,sad,sad
OAF_bought_disgust.wav,disgust,disgust
1013_IEO_ANG_MD.wav,angry,angry
1006_DFA_FEA_XX.wav,fear,fear
1015_IEO_ANG_MD.wav,angry,fear
1067_DFA_ANG_XX.wav,angry,fear
OAF_bean_sad.wav,sad,sad
OAF_time_sad.wav,sad,sad
1056_TIE_SAD_XX.wav,sad,sad
1061_TIE_DIS_XX.wav,disgust,disgust
1008_IOM_ANG_XX.wav,angry,angry
1089_ITS_SAD_XX.wav,sad,sad
1019_IEO_DIS_LO.wav,disgust,disgust
1076_DFA_SAD_XX.wav,sad,disgust
1048_TSI_NEU_XX.wav,neutral,neutral
1009_IEO_ANG_LO.wav,angry,fear
DC_n23.wav,neutral,neutral
OAF_live_happy.wav,happy,happy
1053_WSI_FEA_XX.wav,fear,happy
1051_DFA_DIS_XX.wav,disgust,sad
1061_TIE_ANG_XX.wav,angry,angry
1018_MTI_SAD_XX.wav,sad,sad
1057_TSI_SAD_XX.wav,sad,neutral
1031_IWL_ANG_XX.wav,angry,angry
1037_MTI_NEU_XX.wav,neutral,angry
1054_TAI_ANG_XX.wav,angry,angry
1076_IEO_HAP_LO.wav,happy,neutral
OAF_peg_sad.wav,sad,sad
YAF_pass_angry.wav,angry,angry
YAF_keen_angry.wav,angry,angry
1029_IEO_FEA_LO.wav,fear,fear
